TANGGAL,BULAN,TAHUN,CURAH HUJAN,,,,,,,
1,JAN,2019,,,,,,,,
2,JAN,2019,"32,60",,,,,,,
3,JAN,2019,,,,,,,,
4,JAN,2019,,,,,,,,
5,JAN,2019,"28,50",,,,,,,
6,JAN,2019,,,,,,,,
7,JAN,2019,,,,,,,,
8,JAN,2019,,,,,,,,
9,JAN,2019,"8,20",,,,,,,
10,JAN,2019,,,,,,,,
11,JAN,2019,"47,30",,,,,,,
12,JAN,2019,"10,10",,,,,,,
13,JAN,2019,,,,,,,,
14,JAN,2019,,,,,,,,
15,JAN,2019,,,,,,,,
16,JAN,2019,"20,20",,,,,,,
17,JAN,2019,"20,50",,,,,,,
18,JAN,2019,,,,,,,,
19,JAN,2019,,,,,,,,
20,JAN,2019,"10,00",,,,,,,
21,JAN,2019,,,,,,,,
22,JAN,2019,"40,20",,,,,,,
23,JAN,2019,,,,,,,,
24,JAN,2019,"15,10",,,,,,,
25,JAN,2019,,,,,,,,
26,JAN,2019,"20,30",,,,,,,
27,JAN,2019,,,,,,,,
28,JAN,2019,"30,00",,,,,,,
29,JAN,2019,,,,,,,,
30,JAN,2019,"10,50",,,,,,,
31,JAN,2019,,,,,,,,
1,FEB,2019,,,,,,,,
2,FEB,2019,,,,,,,,
3,FEB,2019,"10,20",,,,,,,
4,FEB,2019,,,,,,,,
5,FEB,2019,"56,20",,,,,,,
6,FEB,2019,,,,,,,,
7,FEB,2019,"6,10",,,,,,,
8,FEB,2019,"110,50",,,,,,,
9,FEB,2019,,,,,,,,
10,FEB,2019,,,,,,,,
11,FEB,2019,,,,,,,,
12,FEB,2019,,,,,,,,
13,FEB,2019,,,,,,,,
14,FEB,2019,,,,,,,,
15,FEB,2019,,,,,,,,
16,FEB,2019,,,,,,,,
17,FEB,2019,,,,,,,,
18,FEB,2019,,,,,,,,
19,FEB,2019,,,,,,,,
20,FEB,2019,,,,,,,,
21,FEB,2019,,,,,,,,
22,FEB,2019,,,,,,,,
23,FEB,2019,,,,,,,,
24,FEB,2019,,,,,,,,
25,FEB,2019,"10,20",,,,,,,
26,FEB,2019,,,,,,,,
27,FEB,2019,,,,,,,,
28,FEB,2019,,,,,,,,
29,FEB,2019,,,,,,,,
30,FEB,2019,,,,,,,,
31,FEB,2019,,,,,,,,
1,MAR,2019,,,,,,,,
2,MAR,2019,,,,,,,,
3,MAR,2019,"8,20",,,,,,,
4,MAR,2019,,,,,,,,
5,MAR,2019,,,,,,,,
6,MAR,2019,,,,,,,,
7,MAR,2019,"20,30",,,,,,,
8,MAR,2019,,,,,,,,
9,MAR,2019,"60,20",,,,,,,
10,MAR,2019,"10,00",,,,,,,
11,MAR,2019,,,,,,,,
12,MAR,2019,"50,50",,,,,,,
13,MAR,2019,,,,,,,,
14,MAR,2019,"6,20",,,,,,,
15,MAR,2019,,,,,,,,
16,MAR,2019,,,,,,,,
17,MAR,2019,"30,10",,,,,,,
18,MAR,2019,,,,,,,,
19,MAR,2019,,,,,,,,
20,MAR,2019,,,,,,,,
21,MAR,2019,,,,,,,,
22,MAR,2019,"12,40",,,,,,,
23,MAR,2019,"25,50",,,,,,,
24,MAR,2019,"80,50",,,,,,,
25,MAR,2019,"40,20",,,,,,,
26,MAR,2019,,,,,,,,
27,MAR,2019,,,,,,,,
28,MAR,2019,,,,,,,,
29,MAR,2019,"21,50",,,,,,,
30,MAR,2019,,,,,,,,
31,MAR,2019,,,,,,,,
1,APR,2019,"20,20",,,,,,,
2,APR,2019,,,,,,,,
3,APR,2019,,,,,,,,
4,APR,2019,"60,40",,,,,,,
5,APR,2019,"40,10",,,,,,,
6,APR,2019,"50,00",,,,,,,
7,APR,2019,,,,,,,,
8,APR,2019,,,,,,,,
9,APR,2019,"58,50",,,,,,,
10,APR,2019,,,,,,,,
11,APR,2019,,,,,,,,
12,APR,2019,"30,10",,,,,,,
13,APR,2019,,,,,,,,
14,APR,2019,"30,50",,,,,,,
15,APR,2019,,,,,,,,
16,APR,2019,"40,00",,,,,,,
17,APR,2019,,,,,,,,
18,APR,2019,,,,,,,,
19,APR,2019,,,,,,,,
20,APR,2019,"60,20",,,,,,,
21,APR,2019,,,,,,,,
22,APR,2019,,,,,,,,
23,APR,2019,,,,,,,,
24,APR,2019,,,,,,,,
25,APR,2019,,,,,,,,
26,APR,2019,,,,,,,,
27,APR,2019,"82,40",,,,,,,
28,APR,2019,"74,20",,,,,,,
29,APR,2019,,,,,,,,
30,APR,2019,,,,,,,,
31,APR,2019,,,,,,,,
1,MEI,2019,,,,,,,,
2,MEI,2019,"20,50",,,,,,,
3,MEI,2019,,,,,,,,
4,MEI,2019,,,,,,,,
5,MEI,2019,,,,,,,,
6,MEI,2019,"27,10",,,,,,,
7,MEI,2019,,,,,,,,
8,MEI,2019,,,,,,,,
9,MEI,2019,,,,,,,,
10,MEI,2019,"43,20",,,,,,,
11,MEI,2019,,,,,,,,
12,MEI,2019,,,,,,,,
13,MEI,2019,,,,,,,,
14,MEI,2019,,,,,,,,
15,MEI,2019,,,,,,,,
16,MEI,2019,"30,50",,,,,,,
17,MEI,2019,,,,,,,,
18,MEI,2019,,,,,,,,
19,MEI,2019,,,,,,,,
20,MEI,2019,,,,,,,,
21,MEI,2019,"20,20",,,,,,,
22,MEI,2019,,,,,,,,
23,MEI,2019,,,,,,,,
24,MEI,2019,,,,,,,,
25,MEI,2019,,,,,,,,
26,MEI,2019,,,,,,,,
27,MEI,2019,"10,10",,,,,,,
28,MEI,2019,,,,,,,,
29,MEI,2019,,,,,,,,
30,MEI,2019,,,,,,,,
31,MEI,2019,"41,30",,,,,,,
1,JUNI,2019,,,,,,,,
2,JUNI,2019,"10,20",,,,,,,
3,JUNI,2019,,,,,,,,
4,JUNI,2019,,,,,,,,
5,JUNI,2019,,,,,,,,
6,JUNI,2019,,,,,,,,
7,JUNI,2019,"26,60",,,,,,,
8,JUNI,2019,,,,,,,,
9,JUNI,2019,,,,,,,,
10,JUNI,2019,,,,,,,,
11,JUNI,2019,"28,30",,,,,,,
12,JUNI,2019,,,,,,,,
13,JUNI,2019,,,,,,,,
14,JUNI,2019,"40,40",,,,,,,
15,JUNI,2019,,,,,,,,
16,JUNI,2019,,,,,,,,
17,JUNI,2019,"30,10",,,,,,,
18,JUNI,2019,,,,,,,,
19,JUNI,2019,"25,50",,,,,,,
20,JUNI,2019,,,,,,,,
21,JUNI,2019,,,,,,,,
22,JUNI,2019,,,,,,,,
23,JUNI,2019,"21,20",,,,,,,
24,JUNI,2019,,,,,,,,
25,JUNI,2019,,,,,,,,
26,JUNI,2019,,,,,,,,
27,JUNI,2019,,,,,,,,
28,JUNI,2019,"15,50",,,,,,,
29,JUNI,2019,,,,,,,,
30,JUNI,2019,,,,,,,,
31,JUNI,2019,,,,,,,,
1,JULI,2019,,,,,,,,
2,JULI,2019,"15,20",,,,,,,
3,JULI,2019,"20,30",,,,,,,
4,JULI,2019,,,,,,,,
5,JULI,2019,"30,50",,,,,,,
6,JULI,2019,,,,,,,,
7,JULI,2019,,,,,,,,
8,JULI,2019,,,,,,,,
9,JULI,2019,,,,,,,,
10,JULI,2019,,,,,,,,
11,JULI,2019,,,,,,,,
12,JULI,2019,"34,30",,,,,,,
13,JULI,2019,,,,,,,,
14,JULI,2019,,,,,,,,
15,JULI,2019,,,,,,,,
16,JULI,2019,,,,,,,,
17,JULI,2019,,,,,,,,
18,JULI,2019,,,,,,,,
19,JULI,2019,,,,,,,,
20,JULI,2019,,,,,,,,
21,JULI,2019,,,,,,,,
22,JULI,2019,,,,,,,,
23,JULI,2019,,,,,,,,
24,JULI,2019,,,,,,,,
25,JULI,2019,,,,,,,,
26,JULI,2019,,,,,,,,
27,JULI,2019,,,,,,,,
28,JULI,2019,,,,,,,,
29,JULI,2019,,,,,,,,
30,JULI,2019,,,,,,,,
31,JULI,2019,"40,40",,,,,,,
1,AGS,2019,,,,,,,,
2,AGS,2019,,,,,,,,
3,AGS,2019,,,,,,,,
4,AGS,2019,,,,,,,,
5,AGS,2019,,,,,,,,
6,AGS,2019,,,,,,,,
7,AGS,2019,,,,,,,,
8,AGS,2019,,,,,,,,
9,AGS,2019,,,,,,,,
10,AGS,2019,,,,,,,,
11,AGS,2019,,,,,,,,
12,AGS,2019,,,,,,,,
13,AGS,2019,,,,,,,,
14,AGS,2019,,,,,,,,
15,AGS,2019,,,,,,,,
16,AGS,2019,,,,,,,,
17,AGS,2019,,,,,,,,
18,AGS,2019,,,,,,,,
19,AGS,2019,,,,,,,,
20,AGS,2019,,,,,,,,
21,AGS,2019,,,,,,,,
22,AGS,2019,"10,20",,,,,,,
23,AGS,2019,,,,,,,,
24,AGS,2019,"54,60",,,,,,,
25,AGS,2019,,,,,,,,
26,AGS,2019,"5,10",,,,,,,
27,AGS,2019,,,,,,,,
28,AGS,2019,,,,,,,,
29,AGS,2019,,,,,,,,
30,AGS,2019,,,,,,,,
31,AGS,2019,,,,,,,,
1,SEP,2019,,,,,,,,
2,SEP,2019,,,,,,,,
3,SEP,2019,,,,,,,,
4,SEP,2019,,,,,,,,
5,SEP,2019,,,,,,,,
6,SEP,2019,,,,,,,,
7,SEP,2019,,,,,,,,
8,SEP,2019,,,,,,,,
9,SEP,2019,,,,,,,,
10,SEP,2019,,,,,,,,
11,SEP,2019,,,,,,,,
12,SEP,2019,,,,,,,,
13,SEP,2019,,,,,,,,
14,SEP,2019,,,,,,,,
15,SEP,2019,,,,,,,,
16,SEP,2019,,,,,,,,
17,SEP,2019,,,,,,,,
18,SEP,2019,,,,,,,,
19,SEP,2019,,,,,,,,
20,SEP,2019,,,,,,,,
21,SEP,2019,,,,,,,,
22,SEP,2019,,,,,,,,
23,SEP,2019,,,,,,,,
24,SEP,2019,,,,,,,,
25,SEP,2019,,,,,,,,
26,SEP,2019,,,,,,,,
27,SEP,2019,"40,50",,,,,,,
28,SEP,2019,"15,50",,,,,,,
29,SEP,2019,,,,,,,,
30,SEP,2019,"20,20",,,,,,,
31,SEP,2019,,,,,,,,
1,OKT,2019,"28,80",,,,,,,
2,OKT,2019,"10,20",,,,,,,
3,OKT,2019,,,,,,,,
4,OKT,2019,,,,,,,,
5,OKT,2019,,,,,,,,
6,OKT,2019,,,,,,,,
7,OKT,2019,,,,,,,,
8,OKT,2019,,,,,,,,
9,OKT,2019,"25,20",,,,,,,
10,OKT,2019,,,,,,,,
11,OKT,2019,"8,30",,,,,,,
12,OKT,2019,,,,,,,,
13,OKT,2019,"44,50",,,,,,,
14,OKT,2019,,,,,,,,
15,OKT,2019,,,,,,,,
16,OKT,2019,,,,,,,,
17,OKT,2019,"10,30",,,,,,,
18,OKT,2019,,,,,,,,
19,OKT,2019,"8,20",,,,,,,
20,OKT,2019,,,,,,,,
21,OKT,2019,,,,,,,,
22,OKT,2019,,,,,,,,
23,OKT,2019,,,,,,,,
24,OKT,2019,,,,,,,,
25,OKT,2019,,,,,,,,
26,OKT,2019,"15,20",,,,,,,
27,OKT,2019,"22,50",,,,,,,
28,OKT,2019,,,,,,,,
29,OKT,2019,,,,,,,,
30,OKT,2019,,,,,,,,
31,OKT,2019,"20,40",,,,,,,
1,NOV,2019,,,,,,,,
2,NOV,2019,,,,,,,,
3,NOV,2019,,,,,,,,
4,NOV,2019,,,,,,,,
5,NOV,2019,"20,30",,,,,,,
6,NOV,2019,,,,,,,,
7,NOV,2019,,,,,,,,
8,NOV,2019,"40,50",,,,,,,
9,NOV,2019,,,,,,,,
10,NOV,2019,,,,,,,,
11,NOV,2019,,,,,,,,
12,NOV,2019,,,,,,,,
13,NOV,2019,"45,20",,,,,,,
14,NOV,2019,"35,20",,,,,,,
15,NOV,2019,,,,,,,,
16,NOV,2019,,,,,,,,
17,NOV,2019,,,,,,,,
18,NOV,2019,,,,,,,,
19,NOV,2019,,,,,,,,
20,NOV,2019,,,,,,,,
21,NOV,2019,,,,,,,,
22,NOV,2019,,,,,,,,
23,NOV,2019,"15,50",,,,,,,
24,NOV,2019,,,,,,,,
25,NOV,2019,,,,,,,,
26,NOV,2019,,,,,,,,
27,NOV,2019,"68,00",,,,,,,
28,NOV,2019,"44,30",,,,,,,
29,NOV,2019,,,,,,,,
30,NOV,2019,"43,50",,,,,,,
31,NOV,2019,,,,,,,,
1,DES,2019,"26,20",,,,,,,
2,DES,2019,,,,,,,,
3,DES,2019,,,,,,,,
4,DES,2019,,,,,,,,
5,DES,2019,,,,,,,,
6,DES,2019,"20,10",,,,,,,
7,DES,2019,,,,,,,,
8,DES,2019,"45,50",,,,,,,
9,DES,2019,"30,10",,,,,,,
10,DES,2019,"10,40",,,,,,,
11,DES,2019,"70,00",,,,,,,
12,DES,2019,"14,20",,,,,,,
13,DES,2019,,,,,,,,
14,DES,2019,,,,,,,,
15,DES,2019,,,,,,,,
16,DES,2019,"30,40",,,,,,,
17,DES,2019,"65,50",,,,,,,
18,DES,2019,,,,,,,,
19,DES,2019,"21,10",,,,,,,
20,DES,2019,"10,30",,,,,,,
21,DES,2019,,,,,,,,
22,DES,2019,,,,,,,,
23,DES,2019,"15,20",,,,,,,
24,DES,2019,,,,,,,,
25,DES,2019,,,,,,,,
26,DES,2019,,,,,,,,
27,DES,2019,"8,30",,,,,,,
28,DES,2019,"12,30",,,,,,,
29,DES,2019,"15,20",,,,,,,
30,DES,2019,,,,,,,,
31,DES,2019,,,,,,,,
1,JAN,2018,"30,80",,,,,,,
2,JAN,2018,"2,10",,,,,,,
3,JAN,2018,,,,,,,,
4,JAN,2018,"32,10",,,,,,,
5,JAN,2018,,,,,,,,
6,JAN,2018,"8,20",,,,,,,
7,JAN,2018,,,,,,,,
8,JAN,2018,,,,,,,,
9,JAN,2018,,,,,,,,
10,JAN,2018,"5,60",,,,,,,
11,JAN,2018,"22,20",,,,,,,
12,JAN,2018,,,,,,,,
13,JAN,2018,"4,50",,,,,,,
14,JAN,2018,"4,10",,,,,,,
15,JAN,2018,,,,,,,,
16,JAN,2018,"14,10",,,,,,,
17,JAN,2018,,,,,,,,
18,JAN,2018,,,,,,,,
19,JAN,2018,,,,,,,,
20,JAN,2018,"35,50",,,,,,,
21,JAN,2018,"19,10",,,,,,,
22,JAN,2018,"2,50",,,,,,,
23,JAN,2018,"17,30",,,,,,,
24,JAN,2018,,,,,,,,
25,JAN,2018,"34,50",,,,,,,
26,JAN,2018,"0,90",,,,,,,
27,JAN,2018,,,,,,,,
28,JAN,2018,,,,,,,,
29,JAN,2018,"81,20",,,,,,,
30,JAN,2018,"16,60",,,,,,,
31,JAN,2018,,,,,,,,
1,FEB,2018,"32,00",,,,,,,
2,FEB,2018,"2,50",,,,,,,
3,FEB,2018,,,,,,,,
4,FEB,2018,"1,90",,,,,,,
5,FEB,2018,"10,60",,,,,,,
6,FEB,2018,"16,50",,,,,,,
7,FEB,2018,"2,60",,,,,,,
8,FEB,2018,"61,10",,,,,,,
9,FEB,2018,,,,,,,,
10,FEB,2018,"1,50",,,,,,,
11,FEB,2018,"11,70",,,,,,,
12,FEB,2018,"13,50",,,,,,,
13,FEB,2018,"0,80",,,,,,,
14,FEB,2018,"1,70",,,,,,,
15,FEB,2018,"42,60",,,,,,,
16,FEB,2018,,,,,,,,
17,FEB,2018,,,,,,,,
18,FEB,2018,"36,70",,,,,,,
19,FEB,2018,"2,90",,,,,,,
20,FEB,2018,,,,,,,,
21,FEB,2018,"4,40",,,,,,,
22,FEB,2018,,,,,,,,
23,FEB,2018,,,,,,,,
24,FEB,2018,"9,90",,,,,,,
25,FEB,2018,"18,00",,,,,,,
26,FEB,2018,,,,,,,,
27,FEB,2018,"10,00",,,,,,,
28,FEB,2018,"1,70",,,,,,,
29,FEB,2018,,,,,,,,
30,FEB,2018,,,,,,,,
31,FEB,2018,,,,,,,,
1,MAR,2018,,,,,,,,
2,MAR,2018,,,,,,,,
3,MAR,2018,"39,20",,,,,,,
4,MAR,2018,,,,,,,,
5,MAR,2018,,,,,,,,
6,MAR,2018,"1,00",,,,,,,
7,MAR,2018,"4,00",,,,,,,
8,MAR,2018,"0,70",,,,,,,
9,MAR,2018,"27,80",,,,,,,
10,MAR,2018,,,,,,,,
11,MAR,2018,,,,,,,,
12,MAR,2018,,,,,,,,
13,MAR,2018,,,,,,,,
14,MAR,2018,,,,,,,,
15,MAR,2018,"2,00",,,,,,,
16,MAR,2018,,,,,,,,
17,MAR,2018,"29,40",,,,,,,
18,MAR,2018,,,,,,,,
19,MAR,2018,"0,80",,,,,,,
20,MAR,2018,,,,,,,,
21,MAR,2018,"33,60",,,,,,,
22,MAR,2018,,,,,,,,
23,MAR,2018,"1,20",,,,,,,
24,MAR,2018,"12,50",,,,,,,
25,MAR,2018,"21,90",,,,,,,
26,MAR,2018,"1,60",,,,,,,
27,MAR,2018,,,,,,,,
28,MAR,2018,,,,,,,,
29,MAR,2018,,,,,,,,
30,MAR,2018,"2,20",,,,,,,
31,MAR,2018,,,,,,,,
1,APR,2018,,,,,,,,
2,APR,2018,"10,40",,,,,,,
3,APR,2018,,,,,,,,
4,APR,2018,,,,,,,,
5,APR,2018,"83,30",,,,,,,
6,APR,2018,,,,,,,,
7,APR,2018,"7,60",,,,,,,
8,APR,2018,,,,,,,,
9,APR,2018,"3,20",,,,,,,
10,APR,2018,,,,,,,,
11,APR,2018,"4,00",,,,,,,
12,APR,2018,,,,,,,,
13,APR,2018,"2,30",,,,,,,
14,APR,2018,"2,50",,,,,,,
15,APR,2018,"2,70",,,,,,,
16,APR,2018,,,,,,,,
17,APR,2018,"69,10",,,,,,,
18,APR,2018,,,,,,,,
19,APR,2018,,,,,,,,
20,APR,2018,,,,,,,,
21,APR,2018,,,,,,,,
22,APR,2018,,,,,,,,
23,APR,2018,,,,,,,,
24,APR,2018,,,,,,,,
25,APR,2018,,,,,,,,
26,APR,2018,"6,00",,,,,,,
27,APR,2018,,,,,,,,
28,APR,2018,"67,00",,,,,,,
29,APR,2018,,,,,,,,
30,APR,2018,"22,00",,,,,,,
31,APR,2018,,,,,,,,
1,MEI,2018,"38,50",,,,,,,
2,MEI,2018,"0,20",,,,,,,
3,MEI,2018,"21,00",,,,,,,
4,MEI,2018,,,,,,,,
5,MEI,2018,,,,,,,,
6,MEI,2018,,,,,,,,
7,MEI,2018,,,,,,,,
8,MEI,2018,"6,10",,,,,,,
9,MEI,2018,,,,,,,,
10,MEI,2018,"2,90",,,,,,,
11,MEI,2018,,,,,,,,
12,MEI,2018,"11,50",,,,,,,
13,MEI,2018,,,,,,,,
14,MEI,2018,"1,00",,,,,,,
15,MEI,2018,,,,,,,,
16,MEI,2018,,,,,,,,
17,MEI,2018,,,,,,,,
18,MEI,2018,,,,,,,,
19,MEI,2018,"57,60",,,,,,,
20,MEI,2018,,,,,,,,
21,MEI,2018,,,,,,,,
22,MEI,2018,,,,,,,,
23,MEI,2018,,,,,,,,
24,MEI,2018,"0,80",,,,,,,
25,MEI,2018,"7,70",,,,,,,
26,MEI,2018,,,,,,,,
27,MEI,2018,"0,20",,,,,,,
28,MEI,2018,"0,50",,,,,,,
29,MEI,2018,"2,40",,,,,,,
30,MEI,2018,"12,70",,,,,,,
31,MEI,2018,,,,,,,,
1,JUNI,2018,,,,,,,,
2,JUNI,2018,,,,,,,,
3,JUNI,2018,,,,,,,,
4,JUNI,2018,,,,,,,,
5,JUNI,2018,"12,50",,,,,,,
6,JUNI,2018,,,,,,,,
7,JUNI,2018,,,,,,,,
8,JUNI,2018,"6,60",,,,,,,
9,JUNI,2018,,,,,,,,
10,JUNI,2018,,,,,,,,
11,JUNI,2018,,,,,,,,
12,JUNI,2018,,,,,,,,
13,JUNI,2018,"25,40",,,,,,,
14,JUNI,2018,"12,00",,,,,,,
15,JUNI,2018,,,,,,,,
16,JUNI,2018,"10,00",,,,,,,
17,JUNI,2018,,,,,,,,
18,JUNI,2018,"10,50",,,,,,,
19,JUNI,2018,"26,70",,,,,,,
20,JUNI,2018,"4,50",,,,,,,
21,JUNI,2018,,,,,,,,
22,JUNI,2018,,,,,,,,
23,JUNI,2018,"1,20",,,,,,,
24,JUNI,2018,,,,,,,,
25,JUNI,2018,,,,,,,,
26,JUNI,2018,"25,30",,,,,,,
27,JUNI,2018,,,,,,,,
28,JUNI,2018,"2,30",,,,,,,
29,JUNI,2018,"1,30",,,,,,,
30,JUNI,2018,,,,,,,,
31,JUNI,2018,,,,,,,,
1,JULI,2018,,,,,,,,
2,JULI,2018,,,,,,,,
3,JULI,2018,"49,00",,,,,,,
4,JULI,2018,"9,20",,,,,,,
5,JULI,2018,"2,70",,,,,,,
6,JULI,2018,"1,70",,,,,,,
7,JULI,2018,,,,,,,,
8,JULI,2018,,,,,,,,
9,JULI,2018,,,,,,,,
10,JULI,2018,,,,,,,,
11,JULI,2018,,,,,,,,
12,JULI,2018,,,,,,,,
13,JULI,2018,,,,,,,,
14,JULI,2018,,,,,,,,
15,JULI,2018,"36,10",,,,,,,
16,JULI,2018,,,,,,,,
17,JULI,2018,,,,,,,,
18,JULI,2018,,,,,,,,
19,JULI,2018,,,,,,,,
20,JULI,2018,,,,,,,,
21,JULI,2018,,,,,,,,
22,JULI,2018,,,,,,,,
23,JULI,2018,,,,,,,,
24,JULI,2018,,,,,,,,
25,JULI,2018,"28,80",,,,,,,
26,JULI,2018,,,,,,,,
27,JULI,2018,,,,,,,,
28,JULI,2018,"48,30",,,,,,,
29,JULI,2018,"1,60",,,,,,,
30,JULI,2018,"7,30",,,,,,,
31,JULI,2018,"8,30",,,,,,,
1,AGS,2018,"3,90",,,,,,,
2,AGS,2018,"2,70",,,,,,,
3,AGS,2018,,,,,,,,
4,AGS,2018,,,,,,,,
5,AGS,2018,,,,,,,,
6,AGS,2018,,,,,,,,
7,AGS,2018,,,,,,,,
8,AGS,2018,,,,,,,,
9,AGS,2018,,,,,,,,
10,AGS,2018,,,,,,,,
11,AGS,2018,,,,,,,,
12,AGS,2018,,,,,,,,
13,AGS,2018,,,,,,,,
14,AGS,2018,,,,,,,,
15,AGS,2018,,,,,,,,
16,AGS,2018,"1,90",,,,,,,
17,AGS,2018,,,,,,,,
18,AGS,2018,,,,,,,,
19,AGS,2018,"0,80",,,,,,,
20,AGS,2018,,,,,,,,
21,AGS,2018,,,,,,,,
22,AGS,2018,,,,,,,,
23,AGS,2018,"49,40",,,,,,,
24,AGS,2018,,,,,,,,
25,AGS,2018,"3,70",,,,,,,
26,AGS,2018,"2,30",,,,,,,
27,AGS,2018,,,,,,,,
28,AGS,2018,,,,,,,,
29,AGS,2018,"30,70",,,,,,,
30,AGS,2018,,,,,,,,
31,AGS,2018,,,,,,,,
1,SEP,2018,"29,20",,,,,,,
2,SEP,2018,"2,40",,,,,,,
3,SEP,2018,,,,,,,,
4,SEP,2018,,,,,,,,
5,SEP,2018,"0,80",,,,,,,
6,SEP,2018,,,,,,,,
7,SEP,2018,,,,,,,,
8,SEP,2018,,,,,,,,
9,SEP,2018,,,,,,,,
10,SEP,2018,"3,10",,,,,,,
11,SEP,2018,,,,,,,,
12,SEP,2018,,,,,,,,
13,SEP,2018,,,,,,,,
14,SEP,2018,,,,,,,,
15,SEP,2018,,,,,,,,
16,SEP,2018,,,,,,,,
17,SEP,2018,"1,20",,,,,,,
18,SEP,2018,,,,,,,,
19,SEP,2018,,,,,,,,
20,SEP,2018,,,,,,,,
21,SEP,2018,,,,,,,,
22,SEP,2018,,,,,,,,
23,SEP,2018,,,,,,,,
24,SEP,2018,"3,20",,,,,,,
25,SEP,2018,"43,40",,,,,,,
26,SEP,2018,,,,,,,,
27,SEP,2018,,,,,,,,
28,SEP,2018,,,,,,,,
29,SEP,2018,"7,80",,,,,,,
30,SEP,2018,,,,,,,,
31,SEP,2018,"16,70",,,,,,,
1,OKT,2018,"7,70",,,,,,,
2,OKT,2018,,,,,,,,
3,OKT,2018,,,,,,,,
4,OKT,2018,,,,,,,,
5,OKT,2018,,,,,,,,
6,OKT,2018,"12,80",,,,,,,
7,OKT,2018,"3,00",,,,,,,
8,OKT,2018,,,,,,,,
9,OKT,2018,,,,,,,,
10,OKT,2018,,,,,,,,
11,OKT,2018,,,,,,,,
12,OKT,2018,,,,,,,,
13,OKT,2018,"4,20",,,,,,,
14,OKT,2018,"0,80",,,,,,,
15,OKT,2018,,,,,,,,
16,OKT,2018,,,,,,,,
17,OKT,2018,,,,,,,,
18,OKT,2018,,,,,,,,
19,OKT,2018,,,,,,,,
20,OKT,2018,"33,00",,,,,,,
21,OKT,2018,"74,60",,,,,,,
22,OKT,2018,,,,,,,,
23,OKT,2018,,,,,,,,
24,OKT,2018,,,,,,,,
25,OKT,2018,,,,,,,,
26,OKT,2018,,,,,,,,
27,OKT,2018,,,,,,,,
28,OKT,2018,"0,40",,,,,,,
29,OKT,2018,"25,50",,,,,,,
30,OKT,2018,"2,80",,,,,,,
31,OKT,2018,"0,80",,,,,,,
1,NOV,2018,"27,50",,,,,,,
2,NOV,2018,,,,,,,,
3,NOV,2018,,,,,,,,
4,NOV,2018,,,,,,,,
5,NOV,2018,,,,,,,,
6,NOV,2018,,,,,,,,
7,NOV,2018,"6,80",,,,,,,
8,NOV,2018,,,,,,,,
9,NOV,2018,"11,00",,,,,,,
10,NOV,2018,"29,30",,,,,,,
11,NOV,2018,"48,00",,,,,,,
12,NOV,2018,,,,,,,,
13,NOV,2018,"11,84",,,,,,,
14,NOV,2018,"0,70",,,,,,,
15,NOV,2018,"35,90",,,,,,,
16,NOV,2018,"18,60",,,,,,,
17,NOV,2018,"27,40",,,,,,,
18,NOV,2018,"2,10",,,,,,,
19,NOV,2018,"3,70",,,,,,,
20,NOV,2018,"47,10",,,,,,,
21,NOV,2018,"21,80",,,,,,,
22,NOV,2018,,,,,,,,
23,NOV,2018,"33,80",,,,,,,
24,NOV,2018,,,,,,,,
25,NOV,2018,"28,00",,,,,,,
26,NOV,2018,,,,,,,,
27,NOV,2018,,,,,,,,
28,NOV,2018,,,,,,,,
29,NOV,2018,,,,,,,,
30,NOV,2018,,,,,,,,
31,NOV,2018,,,,,,,,
1,DES,2018,,,,,,,,
2,DES,2018,"28,00",,,,,,,
3,DES,2018,"11,20",,,,,,,
4,DES,2018,,,,,,,,
5,DES,2018,"6,10",,,,,,,
6,DES,2018,,,,,,,,
7,DES,2018,,,,,,,,
8,DES,2018,"17,90",,,,,,,
9,DES,2018,,,,,,,,
10,DES,2018,,,,,,,,
11,DES,2018,"0,60",,,,,,,
12,DES,2018,"6,90",,,,,,,
13,DES,2018,"79,30",,,,,,,
14,DES,2018,"26,30",,,,,,,
15,DES,2018,"22,00",,,,,,,
16,DES,2018,"0,70",,,,,,,
17,DES,2018,"30,00",,,,,,,
18,DES,2018,"19,40",,,,,,,
19,DES,2018,"11,40",,,,,,,
20,DES,2018,"12,10",,,,,,,
21,DES,2018,"9,20",,,,,,,
22,DES,2018,,,,,,,,
23,DES,2018,,,,,,,,
24,DES,2018,,,,,,,,
25,DES,2018,"3,70",,,,,,,
26,DES,2018,"29,50",,,,,,,
27,DES,2018,,,,,,,,
28,DES,2018,,,,,,,,
29,DES,2018,,,,,,,,
30,DES,2018,,,,,,,,
31,DES,2018,,,,,,,,
1,JAN,2017,"31,60",,,,,,,
2,JAN,2017,,,,,,,,
3,JAN,2017,"13,20",,,,,,,
4,JAN,2017,,,,,,,,
5,JAN,2017,,,,,,,,
6,JAN,2017,,,,,,,,
7,JAN,2017,,,,,,,,
8,JAN,2017,,,,,,,,
9,JAN,2017,,,,,,,,
10,JAN,2017,,,,,,,,
11,JAN,2017,,,,,,,,
12,JAN,2017,,,,,,,,
13,JAN,2017,,,,,,,,
14,JAN,2017,,,,,,,,
15,JAN,2017,,,,,,,,
16,JAN,2017,,,,,,,,
17,JAN,2017,,,,,,,,
18,JAN,2017,,,,,,,,
19,JAN,2017,,,,,,,,
20,JAN,2017,"10,60",,,,,,,
21,JAN,2017,"8,50",,,,,,,
22,JAN,2017,"16,30",,,,,,,
23,JAN,2017,"16,40",,,,,,,
24,JAN,2017,,,,,,,,
25,JAN,2017,,,,,,,,
26,JAN,2017,,,,,,,,
27,JAN,2017,"14,70",,,,,,,
28,JAN,2017,,,,,,,,
29,JAN,2017,,,,,,,,
30,JAN,2017,,,,,,,,
31,JAN,2017,,,,,,,,
1,FEB,2017,,,,,,,,
2,FEB,2017,,,,,,,,
3,FEB,2017,"22,80",,,,,,,
4,FEB,2017,,,,,,,,
5,FEB,2017,"34,00",,,,,,,
6,FEB,2017,,,,,,,,
7,FEB,2017,,,,,,,,
8,FEB,2017,,,,,,,,
9,FEB,2017,,,,,,,,
10,FEB,2017,,,,,,,,
11,FEB,2017,,,,,,,,
12,FEB,2017,,,,,,,,
13,FEB,2017,,,,,,,,
14,FEB,2017,,,,,,,,
15,FEB,2017,,,,,,,,
16,FEB,2017,,,,,,,,
17,FEB,2017,,,,,,,,
18,FEB,2017,"1,60",,,,,,,
19,FEB,2017,"2,00",,,,,,,
20,FEB,2017,"19,70",,,,,,,
21,FEB,2017,"1,30",,,,,,,
22,FEB,2017,,,,,,,,
23,FEB,2017,"20,00",,,,,,,
24,FEB,2017,"22,80",,,,,,,
25,FEB,2017,"34,00",,,,,,,
26,FEB,2017,"1,00",,,,,,,
27,FEB,2017,,,,,,,,
28,FEB,2017,,,,,,,,
29,FEB,2017,,,,,,,,
30,FEB,2017,,,,,,,,
31,FEB,2017,,,,,,,,
1,MAR,2017,"9,70",,,,,,,
2,MAR,2017,"3,30",,,,,,,
3,MAR,2017,,,,,,,,
4,MAR,2017,"3,20",,,,,,,
5,MAR,2017,"23,60",,,,,,,
6,MAR,2017,"35,40",,,,,,,
7,MAR,2017,"42,20",,,,,,,
8,MAR,2017,"6,50",,,,,,,
9,MAR,2017,,,,,,,,
10,MAR,2017,"5,50",,,,,,,
11,MAR,2017,"3,20",,,,,,,
12,MAR,2017,"8,40",,,,,,,
13,MAR,2017,"11,50",,,,,,,
14,MAR,2017,,,,,,,,
15,MAR,2017,,,,,,,,
16,MAR,2017,"1,00",,,,,,,
17,MAR,2017,,,,,,,,
18,MAR,2017,,,,,,,,
19,MAR,2017,,,,,,,,
20,MAR,2017,"5,30",,,,,,,
21,MAR,2017,"41,00",,,,,,,
22,MAR,2017,,,,,,,,
23,MAR,2017,,,,,,,,
24,MAR,2017,,,,,,,,
25,MAR,2017,,,,,,,,
26,MAR,2017,"36,50",,,,,,,
27,MAR,2017,,,,,,,,
28,MAR,2017,,,,,,,,
29,MAR,2017,,,,,,,,
30,MAR,2017,"4,70",,,,,,,
31,MAR,2017,,,,,,,,
1,APR,2017,,,,,,,,
2,APR,2017,"26,00",,,,,,,
3,APR,2017,"26,00",,,,,,,
4,APR,2017,,,,,,,,
5,APR,2017,,,,,,,,
6,APR,2017,"11,00",,,,,,,
7,APR,2017,,,,,,,,
8,APR,2017,"23,00",,,,,,,
9,APR,2017,"34,90",,,,,,,
10,APR,2017,"34,90",,,,,,,
11,APR,2017,"21,00",,,,,,,
12,APR,2017,,,,,,,,
13,APR,2017,,,,,,,,
14,APR,2017,,,,,,,,
15,APR,2017,"0,50",,,,,,,
16,APR,2017,"1,00",,,,,,,
17,APR,2017,"27,40",,,,,,,
18,APR,2017,,,,,,,,
19,APR,2017,"10,70",,,,,,,
20,APR,2017,,,,,,,,
21,APR,2017,,,,,,,,
22,APR,2017,"0,50",,,,,,,
23,APR,2017,"5,00",,,,,,,
24,APR,2017,,,,,,,,
25,APR,2017,"38,00",,,,,,,
26,APR,2017,"1,50",,,,,,,
27,APR,2017,,,,,,,,
28,APR,2017,"9,20",,,,,,,
29,APR,2017,,,,,,,,
30,APR,2017,,,,,,,,
31,APR,2017,,,,,,,,
1,MEI,2017,,,,,,,,
2,MEI,2017,"60,40",,,,,,,
3,MEI,2017,,,,,,,,
4,MEI,2017,,,,,,,,
5,MEI,2017,,,,,,,,
6,MEI,2017,,,,,,,,
7,MEI,2017,"28,10",,,,,,,
8,MEI,2017,"0,50",,,,,,,
9,MEI,2017,,,,,,,,
10,MEI,2017,,,,,,,,
11,MEI,2017,,,,,,,,
12,MEI,2017,"4,00",,,,,,,
13,MEI,2017,,,,,,,,
14,MEI,2017,,,,,,,,
15,MEI,2017,,,,,,,,
16,MEI,2017,"17,20",,,,,,,
17,MEI,2017,"5,00",,,,,,,
18,MEI,2017,"0,50",,,,,,,
19,MEI,2017,,,,,,,,
20,MEI,2017,"13,60",,,,,,,
21,MEI,2017,,,,,,,,
22,MEI,2017,"7,80",,,,,,,
23,MEI,2017,,,,,,,,
24,MEI,2017,"2,00",,,,,,,
25,MEI,2017,,,,,,,,
26,MEI,2017,"12,70",,,,,,,
27,MEI,2017,"23,00",,,,,,,
28,MEI,2017,"3,50",,,,,,,
29,MEI,2017,"15,40",,,,,,,
30,MEI,2017,,,,,,,,
31,MEI,2017,,,,,,,,
1,JUNI,2017,,,,,,,,
2,JUNI,2017,,,,,,,,
3,JUNI,2017,,,,,,,,
4,JUNI,2017,,,,,,,,
5,JUNI,2017,"0,00",,,,,,,
6,JUNI,2017,,,,,,,,
7,JUNI,2017,,,,,,,,
8,JUNI,2017,,,,,,,,
9,JUNI,2017,,,,,,,,
10,JUNI,2017,,,,,,,,
11,JUNI,2017,,,,,,,,
12,JUNI,2017,,,,,,,,
13,JUNI,2017,,,,,,,,
14,JUNI,2017,,,,,,,,
15,JUNI,2017,,,,,,,,
16,JUNI,2017,,,,,,,,
17,JUNI,2017,,,,,,,,
18,JUNI,2017,,,,,,,,
19,JUNI,2017,,,,,,,,
20,JUNI,2017,,,,,,,,
21,JUNI,2017,,,,,,,,
22,JUNI,2017,,,,,,,,
23,JUNI,2017,,,,,,,,
24,JUNI,2017,,,,,,,,
25,JUNI,2017,,,,,,,,
26,JUNI,2017,,,,,,,,
27,JUNI,2017,,,,,,,,
28,JUNI,2017,,,,,,,,
29,JUNI,2017,,,,,,,,
30,JUNI,2017,,,,,,,,
31,JUNI,2017,,,,,,,,
1,JULI,2017,,,,,,,,
2,JULI,2017,,,,,,,,
3,JULI,2017,,,,,,,,
4,JULI,2017,,,,,,,,
5,JULI,2017,"0,50",,,,,,,
6,JULI,2017,,,,,,,,
7,JULI,2017,,,,,,,,
8,JULI,2017,"36,00",,,,,,,
9,JULI,2017,"9,70",,,,,,,
10,JULI,2017,"17,20",,,,,,,
11,JULI,2017,,,,,,,,
12,JULI,2017,,,,,,,,
13,JULI,2017,,,,,,,,
14,JULI,2017,"34,80",,,,,,,
15,JULI,2017,"2,50",,,,,,,
16,JULI,2017,"14,40",,,,,,,
17,JULI,2017,,,,,,,,
18,JULI,2017,"22,80",,,,,,,
19,JULI,2017,,,,,,,,
20,JULI,2017,,,,,,,,
21,JULI,2017,,,,,,,,
22,JULI,2017,,,,,,,,
23,JULI,2017,,,,,,,,
24,JULI,2017,,,,,,,,
25,JULI,2017,,,,,,,,
26,JULI,2017,,,,,,,,
27,JULI,2017,,,,,,,,
28,JULI,2017,"13,90",,,,,,,
29,JULI,2017,,,,,,,,
30,JULI,2017,,,,,,,,
31,JULI,2017,,,,,,,,
1,AGS,2017,,,,,,,,
2,AGS,2017,"8,70",,,,,,,
3,AGS,2017,,,,,,,,
4,AGS,2017,,,,,,,,
5,AGS,2017,,,,,,,,
6,AGS,2017,,,,,,,,
7,AGS,2017,,,,,,,,
8,AGS,2017,,,,,,,,
9,AGS,2017,,,,,,,,
10,AGS,2017,,,,,,,,
11,AGS,2017,,,,,,,,
12,AGS,2017,"2,00",,,,,,,
13,AGS,2017,,,,,,,,
14,AGS,2017,,,,,,,,
15,AGS,2017,"14,40",,,,,,,
16,AGS,2017,"24,70",,,,,,,
17,AGS,2017,"2,10",,,,,,,
18,AGS,2017,,,,,,,,
19,AGS,2017,,,,,,,,
20,AGS,2017,,,,,,,,
21,AGS,2017,"11,80",,,,,,,
22,AGS,2017,,,,,,,,
23,AGS,2017,"11,40",,,,,,,
24,AGS,2017,,,,,,,,
25,AGS,2017,,,,,,,,
26,AGS,2017,,,,,,,,
27,AGS,2017,,,,,,,,
28,AGS,2017,,,,,,,,
29,AGS,2017,,,,,,,,
30,AGS,2017,,,,,,,,
31,AGS,2017,,,,,,,,
1,SEP,2017,,,,,,,,
2,SEP,2017,,,,,,,,
3,SEP,2017,,,,,,,,
4,SEP,2017,,,,,,,,
5,SEP,2017,,,,,,,,
6,SEP,2017,,,,,,,,
7,SEP,2017,,,,,,,,
8,SEP,2017,,,,,,,,
9,SEP,2017,,,,,,,,
10,SEP,2017,,,,,,,,
11,SEP,2017,,,,,,,,
12,SEP,2017,,,,,,,,
13,SEP,2017,,,,,,,,
14,SEP,2017,,,,,,,,
15,SEP,2017,,,,,,,,
16,SEP,2017,,,,,,,,
17,SEP,2017,,,,,,,,
18,SEP,2017,"0,00",,,,,,,
19,SEP,2017,,,,,,,,
20,SEP,2017,,,,,,,,
21,SEP,2017,,,,,,,,
22,SEP,2017,,,,,,,,
23,SEP,2017,,,,,,,,
24,SEP,2017,,,,,,,,
25,SEP,2017,,,,,,,,
26,SEP,2017,,,,,,,,
27,SEP,2017,,,,,,,,
28,SEP,2017,,,,,,,,
29,SEP,2017,,,,,,,,
30,SEP,2017,,,,,,,,
31,SEP,2017,,,,,,,,
1,OKT,2017,,,,,,,,
2,OKT,2017,,,,,,,,
3,OKT,2017,,,,,,,,
4,OKT,2017,,,,,,,,
5,OKT,2017,,,,,,,,
6,OKT,2017,,,,,,,,
7,OKT,2017,,,,,,,,
8,OKT,2017,,,,,,,,
9,OKT,2017,"7,70",,,,,,,
10,OKT,2017,"44,80",,,,,,,
11,OKT,2017,"10,80",,,,,,,
12,OKT,2017,"4,50",,,,,,,
13,OKT,2017,,,,,,,,
14,OKT,2017,,,,,,,,
15,OKT,2017,,,,,,,,
16,OKT,2017,"15,70",,,,,,,
17,OKT,2017,,,,,,,,
18,OKT,2017,"1,50",,,,,,,
19,OKT,2017,,,,,,,,
20,OKT,2017,,,,,,,,
21,OKT,2017,,,,,,,,
22,OKT,2017,,,,,,,,
23,OKT,2017,,,,,,,,
24,OKT,2017,,,,,,,,
25,OKT,2017,,,,,,,,
26,OKT,2017,"1,20",,,,,,,
27,OKT,2017,,,,,,,,
28,OKT,2017,,,,,,,,
29,OKT,2017,,,,,,,,
30,OKT,2017,"5,60",,,,,,,
31,OKT,2017,"10,40",,,,,,,
1,NOV,2017,"1,50",,,,,,,
2,NOV,2017,"20,00",,,,,,,
3,NOV,2017,"39,00",,,,,,,
4,NOV,2017,"22,20",,,,,,,
5,NOV,2017,"25,20",,,,,,,
6,NOV,2017,"8,00",,,,,,,
7,NOV,2017,"27,80",,,,,,,
8,NOV,2017,"22,00",,,,,,,
9,NOV,2017,"1,00",,,,,,,
10,NOV,2017,,,,,,,,
11,NOV,2017,"18,30",,,,,,,
12,NOV,2017,"32,30",,,,,,,
13,NOV,2017,"79,00",,,,,,,
14,NOV,2017,"0,80",,,,,,,
15,NOV,2017,,,,,,,,
16,NOV,2017,"25,40",,,,,,,
17,NOV,2017,,,,,,,,
18,NOV,2017,"7,20",,,,,,,
19,NOV,2017,"42,80",,,,,,,
20,NOV,2017,"18,10",,,,,,,
21,NOV,2017,"3,40",,,,,,,
22,NOV,2017,,,,,,,,
23,NOV,2017,"9,20",,,,,,,
24,NOV,2017,,,,,,,,
25,NOV,2017,"0,70",,,,,,,
26,NOV,2017,"25,30",,,,,,,
27,NOV,2017,,,,,,,,
28,NOV,2017,"11,50",,,,,,,
29,NOV,2017,"6,90",,,,,,,
30,NOV,2017,"95,40",,,,,,,
31,NOV,2017,,,,,,,,
1,DES,2017,,,,,,,,
2,DES,2017,"18,40",,,,,,,
3,DES,2017,"7,00",,,,,,,
4,DES,2017,"11,30",,,,,,,
5,DES,2017,,,,,,,,
6,DES,2017,"95,40",,,,,,,
7,DES,2017,"0,50",,,,,,,
8,DES,2017,,,,,,,,
9,DES,2017,,,,,,,,
10,DES,2017,,,,,,,,
11,DES,2017,,,,,,,,
12,DES,2017,,,,,,,,
13,DES,2017,"3,00",,,,,,,
14,DES,2017,"27,00",,,,,,,
15,DES,2017,,,,,,,,
16,DES,2017,,,,,,,,
17,DES,2017,"12,70",,,,,,,
18,DES,2017,,,,,,,,
19,DES,2017,"1,70",,,,,,,
20,DES,2017,"2,20",,,,,,,
21,DES,2017,,,,,,,,
22,DES,2017,,,,,,,,
23,DES,2017,"21,90",,,,,,,
24,DES,2017,"30,20",,,,,,,
25,DES,2017,,,,,,,,
26,DES,2017,"6,00",,,,,,,
27,DES,2017,"35,70",,,,,,,
28,DES,2017,,,,,,,,
29,DES,2017,"1,00",,,,,,,
30,DES,2017,"2,70",,,,,,,
31,DES,2017,,,,,,,,
1,JAN,2016,"31,80",,,,,,,
2,JAN,2016,,,,,,,,
3,JAN,2016,,,,,,,,
4,JAN,2016,,,,,,,,
5,JAN,2016,,,,,,,,
6,JAN,2016,,,,,,,,
7,JAN,2016,,,,,,,,
8,JAN,2016,"96,60",,,,,,,
9,JAN,2016,,,,,,,,
10,JAN,2016,,,,,,,,
11,JAN,2016,,,,,,,,
12,JAN,2016,,,,,,,,
13,JAN,2016,,,,,,,,
14,JAN,2016,,,,,,,,
15,JAN,2016,,,,,,,,
16,JAN,2016,,,,,,,,
17,JAN,2016,,,,,,,,
18,JAN,2016,"21,30",,,,,,,
19,JAN,2016,,,,,,,,
20,JAN,2016,"24,40",,,,,,,
21,JAN,2016,,,,,,,,
22,JAN,2016,,,,,,,,
23,JAN,2016,,,,,,,,
24,JAN,2016,,,,,,,,
25,JAN,2016,,,,,,,,
26,JAN,2016,,,,,,,,
27,JAN,2016,,,,,,,,
28,JAN,2016,,,,,,,,
29,JAN,2016,,,,,,,,
30,JAN,2016,"11,00",,,,,,,
31,JAN,2016,,,,,,,,
1,FEB,2016,,,,,,,,
2,FEB,2016,,,,,,,,
3,FEB,2016,"28,60",,,,,,,
4,FEB,2016,,,,,,,,
5,FEB,2016,"3,80",,,,,,,
6,FEB,2016,"5,10",,,,,,,
7,FEB,2016,,,,,,,,
8,FEB,2016,,,,,,,,
9,FEB,2016,,,,,,,,
10,FEB,2016,,,,,,,,
11,FEB,2016,"62,40",,,,,,,
12,FEB,2016,,,,,,,,
13,FEB,2016,,,,,,,,
14,FEB,2016,"18,00",,,,,,,
15,FEB,2016,"33,30",,,,,,,
16,FEB,2016,"49,50",,,,,,,
17,FEB,2016,"30,00",,,,,,,
18,FEB,2016,,,,,,,,
19,FEB,2016,,,,,,,,
20,FEB,2016,,,,,,,,
21,FEB,2016,,,,,,,,
22,FEB,2016,,,,,,,,
23,FEB,2016,"50,00",,,,,,,
24,FEB,2016,"20,00",,,,,,,
25,FEB,2016,,,,,,,,
26,FEB,2016,"9,90",,,,,,,
27,FEB,2016,,,,,,,,
28,FEB,2016,"36,10",,,,,,,
29,FEB,2016,,,,,,,,
30,FEB,2016,,,,,,,,
31,FEB,2016,,,,,,,,
1,MAR,2016,,,,,,,,
2,MAR,2016,,,,,,,,
3,MAR,2016,,,,,,,,
4,MAR,2016,,,,,,,,
5,MAR,2016,"104,00",,,,,,,
6,MAR,2016,,,,,,,,
7,MAR,2016,,,,,,,,
8,MAR,2016,,,,,,,,
9,MAR,2016,,,,,,,,
10,MAR,2016,,,,,,,,
11,MAR,2016,,,,,,,,
12,MAR,2016,"24,20",,,,,,,
13,MAR,2016,,,,,,,,
14,MAR,2016,"103,50",,,,,,,
15,MAR,2016,,,,,,,,
16,MAR,2016,,,,,,,,
17,MAR,2016,,,,,,,,
18,MAR,2016,,,,,,,,
19,MAR,2016,,,,,,,,
20,MAR,2016,"98,90",,,,,,,
21,MAR,2016,,,,,,,,
22,MAR,2016,"23,00",,,,,,,
23,MAR,2016,,,,,,,,
24,MAR,2016,,,,,,,,
25,MAR,2016,"88,30",,,,,,,
26,MAR,2016,,,,,,,,
27,MAR,2016,,,,,,,,
28,MAR,2016,,,,,,,,
29,MAR,2016,,,,,,,,
30,MAR,2016,,,,,,,,
31,MAR,2016,,,,,,,,
1,APR,2016,,,,,,,,
2,APR,2016,,,,,,,,
3,APR,2016,,,,,,,,
4,APR,2016,"48,00",,,,,,,
5,APR,2016,,,,,,,,
6,APR,2016,,,,,,,,
7,APR,2016,,,,,,,,
8,APR,2016,"52,20",,,,,,,
9,APR,2016,,,,,,,,
10,APR,2016,"6,40",,,,,,,
11,APR,2016,,,,,,,,
12,APR,2016,,,,,,,,
13,APR,2016,,,,,,,,
14,APR,2016,,,,,,,,
15,APR,2016,"67,10",,,,,,,
16,APR,2016,,,,,,,,
17,APR,2016,,,,,,,,
18,APR,2016,,,,,,,,
19,APR,2016,,,,,,,,
20,APR,2016,,,,,,,,
21,APR,2016,,,,,,,,
22,APR,2016,,,,,,,,
23,APR,2016,,,,,,,,
24,APR,2016,,,,,,,,
25,APR,2016,,,,,,,,
26,APR,2016,,,,,,,,
27,APR,2016,"34,40",,,,,,,
28,APR,2016,,,,,,,,
29,APR,2016,,,,,,,,
30,APR,2016,,,,,,,,
31,APR,2016,,,,,,,,
1,MEI,2016,,,,,,,,
2,MEI,2016,,,,,,,,
3,MEI,2016,"48,20",,,,,,,
4,MEI,2016,,,,,,,,
5,MEI,2016,"46,40",,,,,,,
6,MEI,2016,,,,,,,,
7,MEI,2016,,,,,,,,
8,MEI,2016,,,,,,,,
9,MEI,2016,"50,00",,,,,,,
10,MEI,2016,,,,,,,,
11,MEI,2016,,,,,,,,
12,MEI,2016,,,,,,,,
13,MEI,2016,"45,50",,,,,,,
14,MEI,2016,,,,,,,,
15,MEI,2016,,,,,,,,
16,MEI,2016,,,,,,,,
17,MEI,2016,,,,,,,,
18,MEI,2016,"120,40",,,,,,,
19,MEI,2016,,,,,,,,
20,MEI,2016,"50,00",,,,,,,
21,MEI,2016,,,,,,,,
22,MEI,2016,"70,30",,,,,,,
23,MEI,2016,"54,50",,,,,,,
24,MEI,2016,,,,,,,,
25,MEI,2016,,,,,,,,
26,MEI,2016,,,,,,,,
27,MEI,2016,"25,50",,,,,,,
28,MEI,2016,,,,,,,,
29,MEI,2016,,,,,,,,
30,MEI,2016,,,,,,,,
31,MEI,2016,,,,,,,,
1,JUNI,2016,,,,,,,,
2,JUNI,2016,,,,,,,,
3,JUNI,2016,,,,,,,,
4,JUNI,2016,,,,,,,,
5,JUNI,2016,"46,50",,,,,,,
6,JUNI,2016,,,,,,,,
7,JUNI,2016,,,,,,,,
8,JUNI,2016,,,,,,,,
9,JUNI,2016,,,,,,,,
10,JUNI,2016,"41,20",,,,,,,
11,JUNI,2016,,,,,,,,
12,JUNI,2016,,,,,,,,
13,JUNI,2016,,,,,,,,
14,JUNI,2016,,,,,,,,
15,JUNI,2016,,,,,,,,
16,JUNI,2016,,,,,,,,
17,JUNI,2016,"35,40",,,,,,,
18,JUNI,2016,,,,,,,,
19,JUNI,2016,,,,,,,,
20,JUNI,2016,,,,,,,,
21,JUNI,2016,,,,,,,,
22,JUNI,2016,,,,,,,,
23,JUNI,2016,,,,,,,,
24,JUNI,2016,"0,50",,,,,,,
25,JUNI,2016,,,,,,,,
26,JUNI,2016,,,,,,,,
27,JUNI,2016,,,,,,,,
28,JUNI,2016,,,,,,,,
29,JUNI,2016,,,,,,,,
30,JUNI,2016,,,,,,,,
31,JUNI,2016,,,,,,,,
1,JULI,2016,,,,,,,,
2,JULI,2016,,,,,,,,
3,JULI,2016,,,,,,,,
4,JULI,2016,,,,,,,,
5,JULI,2016,"68,50",,,,,,,
6,JULI,2016,,,,,,,,
7,JULI,2016,,,,,,,,
8,JULI,2016,"2,00",,,,,,,
9,JULI,2016,,,,,,,,
10,JULI,2016,,,,,,,,
11,JULI,2016,,,,,,,,
12,JULI,2016,,,,,,,,
13,JULI,2016,,,,,,,,
14,JULI,2016,,,,,,,,
15,JULI,2016,,,,,,,,
16,JULI,2016,,,,,,,,
17,JULI,2016,,,,,,,,
18,JULI,2016,,,,,,,,
19,JULI,2016,"105,30",,,,,,,
20,JULI,2016,,,,,,,,
21,JULI,2016,,,,,,,,
22,JULI,2016,"50,60",,,,,,,
23,JULI,2016,,,,,,,,
24,JULI,2016,,,,,,,,
25,JULI,2016,,,,,,,,
26,JULI,2016,"55,40",,,,,,,
27,JULI,2016,,,,,,,,
28,JULI,2016,,,,,,,,
29,JULI,2016,,,,,,,,
30,JULI,2016,"26,40",,,,,,,
31,JULI,2016,,,,,,,,
1,AGS,2016,,,,,,,,
2,AGS,2016,,,,,,,,
3,AGS,2016,,,,,,,,
4,AGS,2016,,,,,,,,
5,AGS,2016,,,,,,,,
6,AGS,2016,,,,,,,,
7,AGS,2016,,,,,,,,
8,AGS,2016,,,,,,,,
9,AGS,2016,,,,,,,,
10,AGS,2016,,,,,,,,
11,AGS,2016,,,,,,,,
12,AGS,2016,,,,,,,,
13,AGS,2016,,,,,,,,
14,AGS,2016,,,,,,,,
15,AGS,2016,,,,,,,,
16,AGS,2016,,,,,,,,
17,AGS,2016,"30,50",,,,,,,
18,AGS,2016,,,,,,,,
19,AGS,2016,,,,,,,,
20,AGS,2016,"10,30",,,,,,,
21,AGS,2016,,,,,,,,
22,AGS,2016,,,,,,,,
23,AGS,2016,,,,,,,,
24,AGS,2016,,,,,,,,
25,AGS,2016,,,,,,,,
26,AGS,2016,,,,,,,,
27,AGS,2016,"23,40",,,,,,,
28,AGS,2016,,,,,,,,
29,AGS,2016,,,,,,,,
30,AGS,2016,"33,20",,,,,,,
31,AGS,2016,,,,,,,,
1,SEP,2016,,,,,,,,
2,SEP,2016,,,,,,,,
3,SEP,2016,,,,,,,,
4,SEP,2016,,,,,,,,
5,SEP,2016,"15,70",,,,,,,
6,SEP,2016,,,,,,,,
7,SEP,2016,,,,,,,,
8,SEP,2016,,,,,,,,
9,SEP,2016,,,,,,,,
10,SEP,2016,"23,30",,,,,,,
11,SEP,2016,,,,,,,,
12,SEP,2016,,,,,,,,
13,SEP,2016,,,,,,,,
14,SEP,2016,,,,,,,,
15,SEP,2016,,,,,,,,
16,SEP,2016,,,,,,,,
17,SEP,2016,,,,,,,,
18,SEP,2016,"10,20",,,,,,,
19,SEP,2016,,,,,,,,
20,SEP,2016,,,,,,,,
21,SEP,2016,,,,,,,,
22,SEP,2016,,,,,,,,
23,SEP,2016,,,,,,,,
24,SEP,2016,,,,,,,,
25,SEP,2016,"21,40",,,,,,,
26,SEP,2016,,,,,,,,
27,SEP,2016,,,,,,,,
28,SEP,2016,,,,,,,,
29,SEP,2016,,,,,,,,
30,SEP,2016,"8,10",,,,,,,
31,SEP,2016,,,,,,,,
1,OKT,2016,,,,,,,,
2,OKT,2016,,,,,,,,
3,OKT,2016,,,,,,,,
4,OKT,2016,"24,00",,,,,,,
5,OKT,2016,,,,,,,,
6,OKT,2016,,,,,,,,
7,OKT,2016,,,,,,,,
8,OKT,2016,"55,50",,,,,,,
9,OKT,2016,,,,,,,,
10,OKT,2016,,,,,,,,
11,OKT,2016,,,,,,,,
12,OKT,2016,,,,,,,,
13,OKT,2016,,,,,,,,
14,OKT,2016,"80,20",,,,,,,
15,OKT,2016,,,,,,,,
16,OKT,2016,,,,,,,,
17,OKT,2016,,,,,,,,
18,OKT,2016,,,,,,,,
19,OKT,2016,,,,,,,,
20,OKT,2016,"7,40",,,,,,,
21,OKT,2016,,,,,,,,
22,OKT,2016,,,,,,,,
23,OKT,2016,,,,,,,,
24,OKT,2016,,,,,,,,
25,OKT,2016,,,,,,,,
26,OKT,2016,,,,,,,,
27,OKT,2016,,,,,,,,
28,OKT,2016,,,,,,,,
29,OKT,2016,"74,80",,,,,,,
30,OKT,2016,"42,50",,,,,,,
31,OKT,2016,"88,10",,,,,,,
1,NOV,2016,"20,30",,,,,,,
2,NOV,2016,,,,,,,,
3,NOV,2016,,,,,,,,
4,NOV,2016,,,,,,,,
5,NOV,2016,,,,,,,,
6,NOV,2016,,,,,,,,
7,NOV,2016,,,,,,,,
8,NOV,2016,"80,40",,,,,,,
9,NOV,2016,,,,,,,,
10,NOV,2016,,,,,,,,
11,NOV,2016,,,,,,,,
12,NOV,2016,,,,,,,,
13,NOV,2016,"135,00",,,,,,,
14,NOV,2016,,,,,,,,
15,NOV,2016,,,,,,,,
16,NOV,2016,,,,,,,,
17,NOV,2016,,,,,,,,
18,NOV,2016,"20,70",,,,,,,
19,NOV,2016,,,,,,,,
20,NOV,2016,,,,,,,,
21,NOV,2016,"35,60",,,,,,,
22,NOV,2016,,,,,,,,
23,NOV,2016,,,,,,,,
24,NOV,2016,"24,70",,,,,,,
25,NOV,2016,"62,80",,,,,,,
26,NOV,2016,,,,,,,,
27,NOV,2016,,,,,,,,
28,NOV,2016,,,,,,,,
29,NOV,2016,"1,50",,,,,,,
30,NOV,2016,"10,80",,,,,,,
31,NOV,2016,,,,,,,,
1,DES,2016,,,,,,,,
2,DES,2016,"9,00",,,,,,,
3,DES,2016,,,,,,,,
4,DES,2016,,,,,,,,
5,DES,2016,,,,,,,,
6,DES,2016,,,,,,,,
7,DES,2016,,,,,,,,
8,DES,2016,,,,,,,,
9,DES,2016,"5,80",,,,,,,
10,DES,2016,,,,,,,,
11,DES,2016,,,,,,,,
12,DES,2016,"21,50",,,,,,,
13,DES,2016,"31,60",,,,,,,
14,DES,2016,,,,,,,,
15,DES,2016,,,,,,,,
16,DES,2016,"66,50",,,,,,,
17,DES,2016,,,,,,,,
18,DES,2016,"55,50",,,,,,,
19,DES,2016,,,,,,,,
20,DES,2016,,,,,,,,
21,DES,2016,"16,70",,,,,,,
22,DES,2016,,,,,,,,
23,DES,2016,,,,,,,,
24,DES,2016,,,,,,,,
25,DES,2016,"15,60",,,,,,,
26,DES,2016,,,,,,,,
27,DES,2016,,,,,,,,
28,DES,2016,,,,,,,,
29,DES,2016,"20,20",,,,,,,
30,DES,2016,,,,,,,,
31,DES,2016,,,,,,,,
1,JAN,2015,,,,,,,,
2,JAN,2015,,,,,,,,
3,JAN,2015,,,,,,,,
4,JAN,2015,,,,,,,,
5,JAN,2015,,,,,,,,
6,JAN,2015,,,,,,,,
7,JAN,2015,,,,,,,,
8,JAN,2015,,,,,,,,
9,JAN,2015,,,,,,,,
10,JAN,2015,,,,,,,,
11,JAN,2015,,,,,,,,
12,JAN,2015,,,,,,,,
13,JAN,2015,,,,,,,,
14,JAN,2015,,,,,,,,
15,JAN,2015,,,,,,,,
16,JAN,2015,,,,,,,,
17,JAN,2015,,,,,,,,
18,JAN,2015,,,,,,,,
19,JAN,2015,,,,,,,,
20,JAN,2015,,,,,,,,
21,JAN,2015,,,,,,,,
22,JAN,2015,,,,,,,,
23,JAN,2015,,,,,,,,
24,JAN,2015,,,,,,,,
25,JAN,2015,,,,,,,,
26,JAN,2015,,,,,,,,
27,JAN,2015,,,,,,,,
28,JAN,2015,,,,,,,,
29,JAN,2015,,,,,,,,
30,JAN,2015,,,,,,,,
31,JAN,2015,,,,,,,,
1,FEB,2015,,,,,,,,
2,FEB,2015,,,,,,,,
3,FEB,2015,,,,,,,,
4,FEB,2015,,,,,,,,
5,FEB,2015,,,,,,,,
6,FEB,2015,,,,,,,,
7,FEB,2015,,,,,,,,
8,FEB,2015,,,,,,,,
9,FEB,2015,,,,,,,,
10,FEB,2015,,,,,,,,
11,FEB,2015,,,,,,,,
12,FEB,2015,,,,,,,,
13,FEB,2015,,,,,,,,
14,FEB,2015,,,,,,,,
15,FEB,2015,,,,,,,,
16,FEB,2015,,,,,,,,
17,FEB,2015,,,,,,,,
18,FEB,2015,,,,,,,,
19,FEB,2015,,,,,,,,
20,FEB,2015,,,,,,,,
21,FEB,2015,,,,,,,,
22,FEB,2015,,,,,,,,
23,FEB,2015,,,,,,,,
24,FEB,2015,,,,,,,,
25,FEB,2015,,,,,,,,
26,FEB,2015,,,,,,,,
27,FEB,2015,,,,,,,,
28,FEB,2015,,,,,,,,
29,FEB,2015,,,,,,,,
30,FEB,2015,,,,,,,,
31,FEB,2015,,,,,,,,
1,MAR,2015,,,,,,,,
2,MAR,2015,,,,,,,,
3,MAR,2015,,,,,,,,
4,MAR,2015,,,,,,,,
5,MAR,2015,,,,,,,,
6,MAR,2015,,,,,,,,
7,MAR,2015,,,,,,,,
8,MAR,2015,,,,,,,,
9,MAR,2015,,,,,,,,
10,MAR,2015,,,,,,,,
11,MAR,2015,,,,,,,,
12,MAR,2015,,,,,,,,
13,MAR,2015,,,,,,,,
14,MAR,2015,,,,,,,,
15,MAR,2015,,,,,,,,
16,MAR,2015,,,,,,,,
17,MAR,2015,,,,,,,,
18,MAR,2015,,,,,,,,
19,MAR,2015,,,,,,,,
20,MAR,2015,,,,,,,,
21,MAR,2015,,,,,,,,
22,MAR,2015,,,,,,,,
23,MAR,2015,,,,,,,,
24,MAR,2015,,,,,,,,
25,MAR,2015,,,,,,,,
26,MAR,2015,,,,,,,,
27,MAR,2015,,,,,,,,
28,MAR,2015,,,,,,,,
29,MAR,2015,,,,,,,,
30,MAR,2015,,,,,,,,
31,MAR,2015,,,,,,,,
1,APR,2015,,,,,,,,
2,APR,2015,,,,,,,,
3,APR,2015,,,,,,,,
4,APR,2015,,,,,,,,
5,APR,2015,,,,,,,,
6,APR,2015,,,,,,,,"21,00"
7,APR,2015,,,,,,,,
8,APR,2015,,,,,,,,
9,APR,2015,,,,,,,,"3,70"
10,APR,2015,,,,,,,"7,30","7,90"
11,APR,2015,,,,,,,,
12,APR,2015,,,,,"5,50","69,50","3,50","14,90"
13,APR,2015,,,,,,"12,90",,
14,APR,2015,,,,,,,,
15,APR,2015,,,,,,,,"17,70"
16,APR,2015,,,,,,,,
17,APR,2015,,,,,,,,
18,APR,2015,,,,,,,,
19,APR,2015,,,,,,,,
20,APR,2015,,,,,,,,
21,APR,2015,,,,,,,,
22,APR,2015,,,,,,,,
23,APR,2015,,,,,,,,
24,APR,2015,,,,,,,,
25,APR,2015,,,,,,"5,80",,
26,APR,2015,,,,,,,,
27,APR,2015,,,,,,,,
28,APR,2015,,,,,,,,
29,APR,2015,,,,,,,,
30,APR,2015,,,,,,,,
31,APR,2015,,,,,"55,50",,"12,40",
1,MEI,2015,,,,,,,,
2,MEI,2015,,,,,,,,
3,MEI,2015,,,,,,,,
4,MEI,2015,,,,,,,,
5,MEI,2015,,,,,,,,
6,MEI,2015,,,,,,,,
7,MEI,2015,,,,,,,,
8,MEI,2015,,,,,,,,
9,MEI,2015,,,,,,,,
10,MEI,2015,,,,,,,,
11,MEI,2015,,,,,,,,
12,MEI,2015,,,,,,,,
13,MEI,2015,,,,,,,,
14,MEI,2015,,,,,,,,
15,MEI,2015,,,,,,,,
16,MEI,2015,,,,,,,,
17,MEI,2015,,,,,,,,
18,MEI,2015,,,,,,,,
19,MEI,2015,,,,,,,,
20,MEI,2015,,,,,,,,
21,MEI,2015,,,,,,,,
22,MEI,2015,,,,,,,,
23,MEI,2015,,,,,,,,
24,MEI,2015,,,,,,,,
25,MEI,2015,,,,,,,,
26,MEI,2015,,,,,,,,
27,MEI,2015,,,,,,,,
28,MEI,2015,,,,,,,,
29,MEI,2015,,,,,,,,
30,MEI,2015,,,,,,,,
31,MEI,2015,,,,,,,,
1,JUNI,2015,,,,,,,,
2,JUNI,2015,,,,,,,,
3,JUNI,2015,,,,,,,,
4,JUNI,2015,,,,,,,,
5,JUNI,2015,,,,,,,,
6,JUNI,2015,,,,,,,,
7,JUNI,2015,,,,,,,,
8,JUNI,2015,,,,,,,,
9,JUNI,2015,,,,,,,,
10,JUNI,2015,,,,,,,,
11,JUNI,2015,,,,,,,,
12,JUNI,2015,,,,,,,,
13,JUNI,2015,,,,,,,,
14,JUNI,2015,,,,,,,,
15,JUNI,2015,,,,,,,,
16,JUNI,2015,,,,,,,,
17,JUNI,2015,,,,,,,,
18,JUNI,2015,,,,,,,,
19,JUNI,2015,,,,,,,,
20,JUNI,2015,,,,,,,,
21,JUNI,2015,,,,,,,,
22,JUNI,2015,,,,,,,,
23,JUNI,2015,,,,,,,,
24,JUNI,2015,,,,,,,,
25,JUNI,2015,,,,,,,,
26,JUNI,2015,,,,,,,,
27,JUNI,2015,,,,,,,,
28,JUNI,2015,,,,,,,,
29,JUNI,2015,,,,,,,,
30,JUNI,2015,,,,,,,,
31,JUNI,2015,,,,,,,,
1,JULI,2015,,,,,,,,
2,JULI,2015,,,,,,,,
3,JULI,2015,,,,,,,,
4,JULI,2015,,,,,,,,
5,JULI,2015,,,,,,,,
6,JULI,2015,,,,,,,,
7,JULI,2015,,,,,,,,
8,JULI,2015,,,,,,,,
9,JULI,2015,,,,,,,,
10,JULI,2015,,,,,,,,
11,JULI,2015,,,,,,,,
12,JULI,2015,,,,,,,,
13,JULI,2015,,,,,,,,
14,JULI,2015,,,,,,,,
15,JULI,2015,,,,,,,,
16,JULI,2015,,,,,,,,
17,JULI,2015,,,,,,,,
18,JULI,2015,,,,,,,,
19,JULI,2015,,,,,,,,
20,JULI,2015,,,,,,,,
21,JULI,2015,,,,,,,,
22,JULI,2015,,,,,,,,
23,JULI,2015,,,,,,,,
24,JULI,2015,,,,,,,,
25,JULI,2015,,,,,,,,
26,JULI,2015,,,,,,,,
27,JULI,2015,,,,,,,,
28,JULI,2015,,,,,,,,
29,JULI,2015,,,,,,,,
30,JULI,2015,,,,,,,,
31,JULI,2015,,,,,,,,
1,AGS,2015,,,,,,,,
2,AGS,2015,,,,,,,,
3,AGS,2015,,,,,,,,
4,AGS,2015,,,,,,,,
5,AGS,2015,,,,,,,,
6,AGS,2015,,,,,,,,
7,AGS,2015,,,,,,,,
8,AGS,2015,,,,,,,,
9,AGS,2015,,,,,,,,
10,AGS,2015,,,,,,,,
11,AGS,2015,,,,,,,,
12,AGS,2015,"5,50",,,,,,,
13,AGS,2015,,,,,,,,
14,AGS,2015,,,,,,,,
15,AGS,2015,,,,,,,,
16,AGS,2015,,,,,,,,
17,AGS,2015,,,,,,,,
18,AGS,2015,,,,,,,,
19,AGS,2015,,,,,,,,
20,AGS,2015,,,,,,,,
21,AGS,2015,,,,,,,,
22,AGS,2015,,,,,,,,
23,AGS,2015,,,,,,,,
24,AGS,2015,,,,,,,,
25,AGS,2015,,,,,,,,
26,AGS,2015,,,,,,,,
27,AGS,2015,,,,,,,,
28,AGS,2015,,,,,,,,
29,AGS,2015,,,,,,,,
30,AGS,2015,,,,,,,,
31,AGS,2015,"55,50",,,,,,,
1,SEP,2015,,,,,,,,
2,SEP,2015,,,,,,,,
3,SEP,2015,,,,,,,,
4,SEP,2015,,,,,,,,
5,SEP,2015,,,,,,,,
6,SEP,2015,,,,,,,,
7,SEP,2015,,,,,,,,
8,SEP,2015,,,,,,,,
9,SEP,2015,,,,,,,,
10,SEP,2015,,,,,,,,
11,SEP,2015,,,,,,,,
12,SEP,2015,"69,50",,,,,,,
13,SEP,2015,"12,90",,,,,,,
14,SEP,2015,,,,,,,,
15,SEP,2015,,,,,,,,
16,SEP,2015,,,,,,,,
17,SEP,2015,,,,,,,,
18,SEP,2015,,,,,,,,
19,SEP,2015,,,,,,,,
20,SEP,2015,,,,,,,,
21,SEP,2015,,,,,,,,
22,SEP,2015,,,,,,,,
23,SEP,2015,,,,,,,,
24,SEP,2015,,,,,,,,
25,SEP,2015,"5,80",,,,,,,
26,SEP,2015,,,,,,,,
27,SEP,2015,,,,,,,,
28,SEP,2015,,,,,,,,
29,SEP,2015,,,,,,,,
30,SEP,2015,,,,,,,,
31,SEP,2015,,,,,,,,
1,OKT,2015,,,,,,,,
2,OKT,2015,,,,,,,,
3,OKT,2015,,,,,,,,
4,OKT,2015,,,,,,,,
5,OKT,2015,,,,,,,,
6,OKT,2015,,,,,,,,
7,OKT,2015,,,,,,,,
8,OKT,2015,,,,,,,,
9,OKT,2015,,,,,,,,
10,OKT,2015,"7,30",,,,,,,
11,OKT,2015,,,,,,,,
12,OKT,2015,"3,50",,,,,,,
13,OKT,2015,,,,,,,,
14,OKT,2015,,,,,,,,
15,OKT,2015,,,,,,,,
16,OKT,2015,,,,,,,,
17,OKT,2015,,,,,,,,
18,OKT,2015,,,,,,,,
19,OKT,2015,,,,,,,,
20,OKT,2015,,,,,,,,
21,OKT,2015,,,,,,,,
22,OKT,2015,,,,,,,,
23,OKT,2015,,,,,,,,
24,OKT,2015,,,,,,,,
25,OKT,2015,,,,,,,,
26,OKT,2015,,,,,,,,
27,OKT,2015,,,,,,,,
28,OKT,2015,,,,,,,,
29,OKT,2015,,,,,,,,
30,OKT,2015,,,,,,,,
31,OKT,2015,"12,40",,,,,,,
1,NOV,2015,,,,,,,,
2,NOV,2015,,,,,,,,
3,NOV,2015,,,,,,,,
4,NOV,2015,,,,,,,,
5,NOV,2015,,,,,,,,
6,NOV,2015,"21,00",,,,,,,
7,NOV,2015,,,,,,,,
8,NOV,2015,,,,,,,,
9,NOV,2015,"3,70",,,,,,,
10,NOV,2015,"7,90",,,,,,,
11,NOV,2015,,,,,,,,
12,NOV,2015,"14,90",,,,,,,
13,NOV,2015,,,,,,,,
14,NOV,2015,,,,,,,,
15,NOV,2015,"17,70",,,,,,,
16,NOV,2015,,,,,,,,
17,NOV,2015,,,,,,,,
18,NOV,2015,,,,,,,,
19,NOV,2015,,,,,,,,
20,NOV,2015,,,,,,,,
21,NOV,2015,,,,,,,,
22,NOV,2015,,,,,,,,
23,NOV,2015,,,,,,,,
24,NOV,2015,,,,,,,,
25,NOV,2015,,,,,,,,
26,NOV,2015,,,,,,,,
27,NOV,2015,,,,,,,,
28,NOV,2015,,,,,,,,
29,NOV,2015,,,,,,,,
30,NOV,2015,,,,,,,,
31,NOV,2015,,,,,,,,
1,DES,2015,,,,,,,,
2,DES,2015,,,,,,,,
3,DES,2015,,,,,,,,
4,DES,2015,,,,,,,,
5,DES,2015,,,,,,,,
6,DES,2015,,,,,,,,
7,DES,2015,,,,,,,,
8,DES,2015,,,,,,,,
9,DES,2015,,,,,,,,
10,DES,2015,,,,,,,,
11,DES,2015,,,,,,,,
12,DES,2015,,,,,,,,
13,DES,2015,,,,,,,,
14,DES,2015,,,,,,,,
15,DES,2015,,,,,,,,
16,DES,2015,,,,,,,,
17,DES,2015,,,,,,,,
18,DES,2015,,,,,,,,
19,DES,2015,,,,,,,,
20,DES,2015,,,,,,,,
21,DES,2015,,,,,,,,
22,DES,2015,,,,,,,,
23,DES,2015,,,,,,,,
24,DES,2015,,,,,,,,
25,DES,2015,,,,,,,,
26,DES,2015,,,,,,,,
27,DES,2015,,,,,,,,
28,DES,2015,,,,,,,,
29,DES,2015,,,,,,,,
30,DES,2015,,,,,,,,
31,DES,2015,,,,,,,,
1,JAN,2014,,,,,,,,
2,JAN,2014,,,,,,,,
3,JAN,2014,"17,30",,,,,,,
4,JAN,2014,"68,40",,,,,,,
5,JAN,2014,"50,50",,,,,,,
6,JAN,2014,"7,50",,,,,,,
7,JAN,2014,"4,20",,,,,,,
8,JAN,2014,,,,,,,,
9,JAN,2014,"16,40",,,,,,,
10,JAN,2014,"13,20",,,,,,,
11,JAN,2014,"77,20",,,,,,,
12,JAN,2014,,,,,,,,
13,JAN,2014,,,,,,,,
14,JAN,2014,,,,,,,,
15,JAN,2014,,,,,,,,
16,JAN,2014,"16,50",,,,,,,
17,JAN,2014,"23,70",,,,,,,
18,JAN,2014,,,,,,,,
19,JAN,2014,,,,,,,,
20,JAN,2014,,,,,,,,
21,JAN,2014,,,,,,,,
22,JAN,2014,,,,,,,,
23,JAN,2014,,,,,,,,
24,JAN,2014,,,,,,,,
25,JAN,2014,,,,,,,,
26,JAN,2014,,,,,,,,
27,JAN,2014,"10,30",,,,,,,
28,JAN,2014,,,,,,,,
29,JAN,2014,"11,50",,,,,,,
30,JAN,2014,,,,,,,,
31,JAN,2014,,,,,,,,
1,FEB,2014,,,,,,,,
2,FEB,2014,,,,,,,,
3,FEB,2014,,,,,,,,
4,FEB,2014,,,,,,,,
5,FEB,2014,,,,,,,,
6,FEB,2014,,,,,,,,
7,FEB,2014,,,,,,,,
8,FEB,2014,"39,00",,,,,,,
9,FEB,2014,,,,,,,,
10,FEB,2014,,,,,,,,
11,FEB,2014,"12,00",,,,,,,
12,FEB,2014,,,,,,,,
13,FEB,2014,"25,00",,,,,,,
14,FEB,2014,,,,,,,,
15,FEB,2014,"10,00",,,,,,,
16,FEB,2014,,,,,,,,
17,FEB,2014,,,,,,,,
18,FEB,2014,,,,,,,,
19,FEB,2014,,,,,,,,
20,FEB,2014,,,,,,,,
21,FEB,2014,,,,,,,,
22,FEB,2014,,,,,,,,
23,FEB,2014,,,,,,,,
24,FEB,2014,"10,00",,,,,,,
25,FEB,2014,,,,,,,,
26,FEB,2014,,,,,,,,
27,FEB,2014,,,,,,,,
28,FEB,2014,,,,,,,,
29,FEB,2014,,,,,,,,
30,FEB,2014,,,,,,,,
31,FEB,2014,,,,,,,,
1,MAR,2014,,,,,,,,
2,MAR,2014,"36,00",,,,,,,
3,MAR,2014,"36,00",,,,,,,
4,MAR,2014,,,,,,,,
5,MAR,2014,"11,50",,,,,,,
6,MAR,2014,,,,,,,,
7,MAR,2014,,,,,,,,
8,MAR,2014,,,,,,,,
9,MAR,2014,,,,,,,,
10,MAR,2014,,,,,,,,
11,MAR,2014,,,,,,,,
12,MAR,2014,,,,,,,,
13,MAR,2014,"54,70",,,,,,,
14,MAR,2014,,,,,,,,
15,MAR,2014,"73,30",,,,,,,
16,MAR,2014,,,,,,,,
17,MAR,2014,"7,70",,,,,,,
18,MAR,2014,,,,,,,,
19,MAR,2014,,,,,,,,
20,MAR,2014,,,,,,,,
21,MAR,2014,"72,80",,,,,,,
22,MAR,2014,"7,00",,,,,,,
23,MAR,2014,,,,,,,,
24,MAR,2014,,,,,,,,
25,MAR,2014,,,,,,,,
26,MAR,2014,"5,50",,,,,,,
27,MAR,2014,"15,70",,,,,,,
28,MAR,2014,,,,,,,,
29,MAR,2014,"5,50",,,,,,,
30,MAR,2014,,,,,,,,
31,MAR,2014,,,,,,,,
1,APR,2014,"8,70",,,,,,,
2,APR,2014,,,,,,,,
3,APR,2014,"22,20",,,,,,,
4,APR,2014,"179,70",,,,,,,
5,APR,2014,"179,70",,,,,,,
6,APR,2014,,,,,,,,
7,APR,2014,"22,00",,,,,,,
8,APR,2014,"15,80",,,,,,,
9,APR,2014,,,,,,,,
10,APR,2014,,,,,,,,
11,APR,2014,"26,70",,,,,,,
12,APR,2014,,,,,,,,
13,APR,2014,"36,50",,,,,,,
14,APR,2014,,,,,,,,
15,APR,2014,,,,,,,,
16,APR,2014,,,,,,,,
17,APR,2014,,,,,,,,
18,APR,2014,"27,00",,,,,,,
19,APR,2014,,,,,,,,
20,APR,2014,,,,,,,,
21,APR,2014,,,,,,,,
22,APR,2014,"15,00",,,,,,,
23,APR,2014,,,,,,,,
24,APR,2014,"125,50",,,,,,,
25,APR,2014,"36,00",,,,,,,
26,APR,2014,,,,,,,,
27,APR,2014,,,,,,,,
28,APR,2014,,,,,,,,
29,APR,2014,,,,,,,,
30,APR,2014,,,,,,,,
31,APR,2014,,,,,,,,
1,MEI,2014,,,,,,,,
2,MEI,2014,,,,,,,,
3,MEI,2014,,,,,,,,
4,MEI,2014,,,,,,,,
5,MEI,2014,,,,,,,,
6,MEI,2014,,,,,,,,
7,MEI,2014,"9,20",,,,,,,
8,MEI,2014,,,,,,,,
9,MEI,2014,"9,00",,,,,,,
10,MEI,2014,,,,,,,,
11,MEI,2014,"11,20",,,,,,,
12,MEI,2014,,,,,,,,
13,MEI,2014,,,,,,,,
14,MEI,2014,"11,60",,,,,,,
15,MEI,2014,,,,,,,,
16,MEI,2014,,,,,,,,
17,MEI,2014,,,,,,,,
18,MEI,2014,,,,,,,,
19,MEI,2014,,,,,,,,
20,MEI,2014,"18,00",,,,,,,
21,MEI,2014,,,,,,,,
22,MEI,2014,,,,,,,,
23,MEI,2014,,,,,,,,
24,MEI,2014,"12,50",,,,,,,
25,MEI,2014,,,,,,,,
26,MEI,2014,,,,,,,,
27,MEI,2014,,,,,,,,
28,MEI,2014,"3,30",,,,,,,
29,MEI,2014,,,,,,,,
30,MEI,2014,,,,,,,,
31,MEI,2014,"3,30",,,,,,,
1,JUNI,2014,,,,,,,,
2,JUNI,2014,,,,,,,,
3,JUNI,2014,"15,00",,,,,,,
4,JUNI,2014,"10,00",,,,,,,
5,JUNI,2014,,,,,,,,
6,JUNI,2014,"7,40",,,,,,,
7,JUNI,2014,,,,,,,,
8,JUNI,2014,,,,,,,,
9,JUNI,2014,,,,,,,,
10,JUNI,2014,,,,,,,,
11,JUNI,2014,,,,,,,,
12,JUNI,2014,,,,,,,,
13,JUNI,2014,,,,,,,,
14,JUNI,2014,,,,,,,,
15,JUNI,2014,,,,,,,,
16,JUNI,2014,,,,,,,,
17,JUNI,2014,,,,,,,,
18,JUNI,2014,,,,,,,,
19,JUNI,2014,,,,,,,,
20,JUNI,2014,,,,,,,,
21,JUNI,2014,,,,,,,,
22,JUNI,2014,"16,50",,,,,,,
23,JUNI,2014,,,,,,,,
24,JUNI,2014,,,,,,,,
25,JUNI,2014,,,,,,,,
26,JUNI,2014,"14,70",,,,,,,
27,JUNI,2014,,,,,,,,
28,JUNI,2014,,,,,,,,
29,JUNI,2014,"18,80",,,,,,,
30,JUNI,2014,"21,50",,,,,,,
31,JUNI,2014,,,,,,,,
1,JULI,2014,"6,90",,,,,,,
2,JULI,2014,,,,,,,,
3,JULI,2014,,,,,,,,
4,JULI,2014,,,,,,,,
5,JULI,2014,,,,,,,,
6,JULI,2014,"8,00",,,,,,,
7,JULI,2014,,,,,,,,
8,JULI,2014,,,,,,,,
9,JULI,2014,"34,70",,,,,,,
10,JULI,2014,,,,,,,,
11,JULI,2014,,,,,,,,
12,JULI,2014,"36,20",,,,,,,
13,JULI,2014,,,,,,,,
14,JULI,2014,,,,,,,,
15,JULI,2014,,,,,,,,
16,JULI,2014,,,,,,,,
17,JULI,2014,,,,,,,,
18,JULI,2014,,,,,,,,
19,JULI,2014,,,,,,,,
20,JULI,2014,,,,,,,,
21,JULI,2014,,,,,,,,
22,JULI,2014,,,,,,,,
23,JULI,2014,,,,,,,,
24,JULI,2014,,,,,,,,
25,JULI,2014,,,,,,,,
26,JULI,2014,,,,,,,,
27,JULI,2014,,,,,,,,
28,JULI,2014,,,,,,,,
29,JULI,2014,,,,,,,,
30,JULI,2014,,,,,,,,
31,JULI,2014,,,,,,,,
1,AGS,2014,"70,00",,,,,,,
2,AGS,2014,,,,,,,,
3,AGS,2014,"11,70",,,,,,,
4,AGS,2014,,,,,,,,
5,AGS,2014,,,,,,,,
6,AGS,2014,,,,,,,,
7,AGS,2014,,,,,,,,
8,AGS,2014,,,,,,,,
9,AGS,2014,,,,,,,,
10,AGS,2014,,,,,,,,
11,AGS,2014,"32,00",,,,,,,
12,AGS,2014,,,,,,,,
13,AGS,2014,,,,,,,,
14,AGS,2014,,,,,,,,
15,AGS,2014,,,,,,,,
16,AGS,2014,"3,90",,,,,,,
17,AGS,2014,,,,,,,,
18,AGS,2014,,,,,,,,
19,AGS,2014,,,,,,,,
20,AGS,2014,"43,50",,,,,,,
21,AGS,2014,,,,,,,,
22,AGS,2014,,,,,,,,
23,AGS,2014,,,,,,,,
24,AGS,2014,,,,,,,,
25,AGS,2014,,,,,,,,
26,AGS,2014,"13,80",,,,,,,
27,AGS,2014,,,,,,,,
28,AGS,2014,,,,,,,,
29,AGS,2014,,,,,,,,
30,AGS,2014,,,,,,,,
31,AGS,2014,,,,,,,,
1,SEP,2014,,,,,,,,
2,SEP,2014,,,,,,,,
3,SEP,2014,"86,20",,,,,,,
4,SEP,2014,,,,,,,,
5,SEP,2014,,,,,,,,
6,SEP,2014,,,,,,,,
7,SEP,2014,,,,,,,,
8,SEP,2014,,,,,,,,
9,SEP,2014,,,,,,,,
10,SEP,2014,,,,,,,,
11,SEP,2014,,,,,,,,
12,SEP,2014,,,,,,,,
13,SEP,2014,,,,,,,,
14,SEP,2014,,,,,,,,
15,SEP,2014,,,,,,,,
16,SEP,2014,,,,,,,,
17,SEP,2014,,,,,,,,
18,SEP,2014,"6,50",,,,,,,
19,SEP,2014,,,,,,,,
20,SEP,2014,,,,,,,,
21,SEP,2014,,,,,,,,
22,SEP,2014,,,,,,,,
23,SEP,2014,,,,,,,,
24,SEP,2014,,,,,,,,
25,SEP,2014,,,,,,,,
26,SEP,2014,,,,,,,,
27,SEP,2014,"21,60",,,,,,,
28,SEP,2014,,,,,,,,
29,SEP,2014,,,,,,,,
30,SEP,2014,,,,,,,,
31,SEP,2014,,,,,,,,
1,OKT,2014,,,,,,,,
2,OKT,2014,,,,,,,,
3,OKT,2014,,,,,,,,
4,OKT,2014,,,,,,,,
5,OKT,2014,,,,,,,,
6,OKT,2014,"1,50",,,,,,,
7,OKT,2014,,,,,,,,
8,OKT,2014,,,,,,,,
9,OKT,2014,,,,,,,,
10,OKT,2014,,,,,,,,
11,OKT,2014,,,,,,,,
12,OKT,2014,,,,,,,,
13,OKT,2014,,,,,,,,
14,OKT,2014,,,,,,,,
15,OKT,2014,,,,,,,,
16,OKT,2014,,,,,,,,
17,OKT,2014,,,,,,,,
18,OKT,2014,,,,,,,,
19,OKT,2014,,,,,,,,
20,OKT,2014,,,,,,,,
21,OKT,2014,,,,,,,,
22,OKT,2014,,,,,,,,
23,OKT,2014,,,,,,,,
24,OKT,2014,,,,,,,,
25,OKT,2014,,,,,,,,
26,OKT,2014,,,,,,,,
27,OKT,2014,,,,,,,,
28,OKT,2014,,,,,,,,
29,OKT,2014,"11,80",,,,,,,
30,OKT,2014,,,,,,,,
31,OKT,2014,"8,70",,,,,,,
1,NOV,2014,,,,,,,,
2,NOV,2014,,,,,,,,
3,NOV,2014,,,,,,,,
4,NOV,2014,,,,,,,,
5,NOV,2014,"19,50",,,,,,,
6,NOV,2014,,,,,,,,
7,NOV,2014,"26,00",,,,,,,
8,NOV,2014,"20,50",,,,,,,
9,NOV,2014,"22,00",,,,,,,
10,NOV,2014,,,,,,,,
11,NOV,2014,"33,30",,,,,,,
12,NOV,2014,,,,,,,,
13,NOV,2014,"50,40",,,,,,,
14,NOV,2014,,,,,,,,
15,NOV,2014,"19,00",,,,,,,
16,NOV,2014,"34,50",,,,,,,
17,NOV,2014,"19,70",,,,,,,
18,NOV,2014,,,,,,,,
19,NOV,2014,,,,,,,,
20,NOV,2014,,,,,,,,
21,NOV,2014,,,,,,,,
22,NOV,2014,,,,,,,,
23,NOV,2014,"14,20",,,,,,,
24,NOV,2014,,,,,,,,
25,NOV,2014,,,,,,,,
26,NOV,2014,,,,,,,,
27,NOV,2014,"14,50",,,,,,,
28,NOV,2014,,,,,,,,
29,NOV,2014,,,,,,,,
30,NOV,2014,"55,50",,,,,,,
31,NOV,2014,,,,,,,,
1,DES,2014,"25,10",,,,,,,
2,DES,2014,,,,,,,,
3,DES,2014,"16,00",,,,,,,
4,DES,2014,"56,30",,,,,,,
5,DES,2014,"27,70",,,,,,,
6,DES,2014,"4,10",,,,,,,
7,DES,2014,"5,80",,,,,,,
8,DES,2014,"12,00",,,,,,,
9,DES,2014,,,,,,,,
10,DES,2014,"22,60",,,,,,,
11,DES,2014,"19,50",,,,,,,
12,DES,2014,,,,,,,,
13,DES,2014,,,,,,,,
14,DES,2014,"21,80",,,,,,,
15,DES,2014,,,,,,,,
16,DES,2014,,,,,,,,
17,DES,2014,"137,50",,,,,,,
18,DES,2014,,,,,,,,
19,DES,2014,,,,,,,,
20,DES,2014,,,,,,,,
21,DES,2014,,,,,,,,
22,DES,2014,,,,,,,,
23,DES,2014,"38,20",,,,,,,
24,DES,2014,,,,,,,,
25,DES,2014,,,,,,,,
26,DES,2014,"2,90",,,,,,,
27,DES,2014,,,,,,,,
28,DES,2014,,,,,,,,
29,DES,2014,,,,,,,,
30,DES,2014,,,,,,,,
31,DES,2014,,,,,,,,
1,JAN,2013,,,,,,,,
2,JAN,2013,,,,,,,,
3,JAN,2013,"70,00",,,,,,,
4,JAN,2013,,,,,,,,
5,JAN,2013,,,,,,,,
6,JAN,2013,"40,50",,,,,,,
7,JAN,2013,,,,,,,,
8,JAN,2013,,,,,,,,
9,JAN,2013,"65,30",,,,,,,
10,JAN,2013,,,,,,,,
11,JAN,2013,,,,,,,,
12,JAN,2013,,,,,,,,
13,JAN,2013,"20,00",,,,,,,
14,JAN,2013,,,,,,,,
15,JAN,2013,,,,,,,,
16,JAN,2013,"20,30",,,,,,,
17,JAN,2013,,,,,,,,
18,JAN,2013,,,,,,,,
19,JAN,2013,,,,,,,,
20,JAN,2013,"85,00",,,,,,,
21,JAN,2013,,,,,,,,
22,JAN,2013,,,,,,,,
23,JAN,2013,,,,,,,,
24,JAN,2013,,,,,,,,
25,JAN,2013,,,,,,,,
26,JAN,2013,,,,,,,,
27,JAN,2013,"50,40",,,,,,,
28,JAN,2013,,,,,,,,
29,JAN,2013,,,,,,,,
30,JAN,2013,,,,,,,,
31,JAN,2013,,,,,,,,
1,FEB,2013,,,,,,,,
2,FEB,2013,"35,30",,,,,,,
3,FEB,2013,,,,,,,,
4,FEB,2013,,,,,,,,
5,FEB,2013,,,,,,,,
6,FEB,2013,"20,50",,,,,,,
7,FEB,2013,,,,,,,,
8,FEB,2013,,,,,,,,
9,FEB,2013,,,,,,,,
10,FEB,2013,"10,20",,,,,,,
11,FEB,2013,,,,,,,,
12,FEB,2013,,,,,,,,
13,FEB,2013,,,,,,,,
14,FEB,2013,,,,,,,,
15,FEB,2013,"40,00",,,,,,,
16,FEB,2013,,,,,,,,
17,FEB,2013,,,,,,,,
18,FEB,2013,,,,,,,,
19,FEB,2013,,,,,,,,
20,FEB,2013,,,,,,,,
21,FEB,2013,,,,,,,,
22,FEB,2013,,,,,,,,
23,FEB,2013,,,,,,,,
24,FEB,2013,,,,,,,,
25,FEB,2013,"25,60",,,,,,,
26,FEB,2013,"30,30",,,,,,,
27,FEB,2013,,,,,,,,
28,FEB,2013,"35,30",,,,,,,
29,FEB,2013,,,,,,,,
30,FEB,2013,,,,,,,,
31,FEB,2013,,,,,,,,
1,MAR,2013,,,,,,,,
2,MAR,2013,,,,,,,,
3,MAR,2013,"55,50",,,,,,,
4,MAR,2013,,,,,,,,
5,MAR,2013,"45,30",,,,,,,
6,MAR,2013,,,,,,,,
7,MAR,2013,"110,00",,,,,,,
8,MAR,2013,"50,50",,,,,,,
9,MAR,2013,,,,,,,,
10,MAR,2013,"44,30",,,,,,,
11,MAR,2013,,,,,,,,
12,MAR,2013,,,,,,,,
13,MAR,2013,"55,50",,,,,,,
14,MAR,2013,,,,,,,,
15,MAR,2013,,,,,,,,
16,MAR,2013,"50,00",,,,,,,
17,MAR,2013,"50,60",,,,,,,
18,MAR,2013,"185,50",,,,,,,
19,MAR,2013,,,,,,,,
20,MAR,2013,,,,,,,,
21,MAR,2013,,,,,,,,
22,MAR,2013,,,,,,,,
23,MAR,2013,"40,00",,,,,,,
24,MAR,2013,,,,,,,,
25,MAR,2013,,,,,,,,
26,MAR,2013,,,,,,,,
27,MAR,2013,"40,00",,,,,,,
28,MAR,2013,"38,50",,,,,,,
29,MAR,2013,,,,,,,,
30,MAR,2013,"80,70",,,,,,,
31,MAR,2013,,,,,,,,
1,APR,2013,"80,00",,,,,,,
2,APR,2013,,,,,,,,
3,APR,2013,"90,30",,,,,,,
4,APR,2013,,,,,,,,
5,APR,2013,"120,30",,,,,,,
6,APR,2013,,,,,,,,
7,APR,2013,"40,00",,,,,,,
8,APR,2013,,,,,,,,
9,APR,2013,,,,,,,,
10,APR,2013,"10,50",,,,,,,
11,APR,2013,,,,,,,,
12,APR,2013,,,,,,,,
13,APR,2013,,,,,,,,
14,APR,2013,"79,00",,,,,,,
15,APR,2013,,,,,,,,
16,APR,2013,,,,,,,,
17,APR,2013,"8,50",,,,,,,
18,APR,2013,"20,50",,,,,,,
19,APR,2013,"54,00",,,,,,,
20,APR,2013,,,,,,,,
21,APR,2013,,,,,,,,
22,APR,2013,"23,20",,,,,,,
23,APR,2013,,,,,,,,
24,APR,2013,"19,50",,,,,,,
25,APR,2013,,,,,,,,
26,APR,2013,,,,,,,,
27,APR,2013,,,,,,,,
28,APR,2013,,,,,,,,
29,APR,2013,,,,,,,,
30,APR,2013,,,,,,,,
31,APR,2013,,,,,,,,
1,MEI,2013,,,,,,,,
2,MEI,2013,"40,00",,,,,,,
3,MEI,2013,,,,,,,,
4,MEI,2013,,,,,,,,
5,MEI,2013,,,,,,,,
6,MEI,2013,,,,,,,,
7,MEI,2013,"16,00",,,,,,,
8,MEI,2013,,,,,,,,
9,MEI,2013,"16,50",,,,,,,
10,MEI,2013,"16,70",,,,,,,
11,MEI,2013,,,,,,,,
12,MEI,2013,"9,80",,,,,,,
13,MEI,2013,"4,50",,,,,,,
14,MEI,2013,"100,00",,,,,,,
15,MEI,2013,,,,,,,,
16,MEI,2013,"11,50",,,,,,,
17,MEI,2013,,,,,,,,
18,MEI,2013,"20,00",,,,,,,
19,MEI,2013,"10,00",,,,,,,
20,MEI,2013,"45,00",,,,,,,
21,MEI,2013,,,,,,,,
22,MEI,2013,,,,,,,,
23,MEI,2013,,,,,,,,
24,MEI,2013,,,,,,,,
25,MEI,2013,"67,00",,,,,,,
26,MEI,2013,,,,,,,,
27,MEI,2013,"15,00",,,,,,,
28,MEI,2013,"49,50",,,,,,,
29,MEI,2013,,,,,,,,
30,MEI,2013,,,,,,,,
31,MEI,2013,"10,30",,,,,,,
1,JUNI,2013,,,,,,,,
2,JUNI,2013,,,,,,,,
3,JUNI,2013,,,,,,,,
4,JUNI,2013,,,,,,,,
5,JUNI,2013,"13,00",,,,,,,
6,JUNI,2013,"55,80",,,,,,,
7,JUNI,2013,,,,,,,,
8,JUNI,2013,,,,,,,,
9,JUNI,2013,,,,,,,,
10,JUNI,2013,,,,,,,,
11,JUNI,2013,"54,70",,,,,,,
12,JUNI,2013,"5,10",,,,,,,
13,JUNI,2013,,,,,,,,
14,JUNI,2013,,,,,,,,
15,JUNI,2013,,,,,,,,
16,JUNI,2013,"2,00",,,,,,,
17,JUNI,2013,"14,00",,,,,,,
18,JUNI,2013,,,,,,,,
19,JUNI,2013,,,,,,,,
20,JUNI,2013,,,,,,,,
21,JUNI,2013,"25,60",,,,,,,
22,JUNI,2013,,,,,,,,
23,JUNI,2013,,,,,,,,
24,JUNI,2013,"76,40",,,,,,,
25,JUNI,2013,"16,80",,,,,,,
26,JUNI,2013,,,,,,,,
27,JUNI,2013,"24,60",,,,,,,
28,JUNI,2013,,,,,,,,
29,JUNI,2013,,,,,,,,
30,JUNI,2013,,,,,,,,
31,JUNI,2013,,,,,,,,
1,JULI,2013,,,,,,,,
2,JULI,2013,,,,,,,,
3,JULI,2013,"46,50",,,,,,,
4,JULI,2013,,,,,,,,
5,JULI,2013,,,,,,,,
6,JULI,2013,"23,00",,,,,,,
7,JULI,2013,,,,,,,,
8,JULI,2013,,,,,,,,
9,JULI,2013,,,,,,,,
10,JULI,2013,,,,,,,,
11,JULI,2013,,,,,,,,
12,JULI,2013,"75,00",,,,,,,
13,JULI,2013,"28,00",,,,,,,
14,JULI,2013,"18,00",,,,,,,
15,JULI,2013,,,,,,,,
16,JULI,2013,,,,,,,,
17,JULI,2013,,,,,,,,
18,JULI,2013,,,,,,,,
19,JULI,2013,,,,,,,,
20,JULI,2013,,,,,,,,
21,JULI,2013,,,,,,,,
22,JULI,2013,,,,,,,,
23,JULI,2013,,,,,,,,
24,JULI,2013,,,,,,,,
25,JULI,2013,,,,,,,,
26,JULI,2013,,,,,,,,
27,JULI,2013,,,,,,,,
28,JULI,2013,"35,00",,,,,,,
29,JULI,2013,,,,,,,,
30,JULI,2013,,,,,,,,
31,JULI,2013,,,,,,,,
1,AGS,2013,"23,00",,,,,,,
2,AGS,2013,"17,00",,,,,,,
3,AGS,2013,,,,,,,,
4,AGS,2013,"14,30",,,,,,,
5,AGS,2013,"10,00",,,,,,,
6,AGS,2013,,,,,,,,
7,AGS,2013,"15,50",,,,,,,
8,AGS,2013,"13,90",,,,,,,
9,AGS,2013,,,,,,,,
10,AGS,2013,,,,,,,,
11,AGS,2013,,,,,,,,
12,AGS,2013,,,,,,,,
13,AGS,2013,,,,,,,,
14,AGS,2013,,,,,,,,
15,AGS,2013,,,,,,,,
16,AGS,2013,,,,,,,,
17,AGS,2013,,,,,,,,
18,AGS,2013,,,,,,,,
19,AGS,2013,,,,,,,,
20,AGS,2013,"22,40",,,,,,,
21,AGS,2013,,,,,,,,
22,AGS,2013,,,,,,,,
23,AGS,2013,,,,,,,,
24,AGS,2013,"15,70",,,,,,,
25,AGS,2013,,,,,,,,
26,AGS,2013,,,,,,,,
27,AGS,2013,,,,,,,,
28,AGS,2013,,,,,,,,
29,AGS,2013,,,,,,,,
30,AGS,2013,"18,20",,,,,,,
31,AGS,2013,,,,,,,,
1,SEP,2013,,,,,,,,
2,SEP,2013,"12,50",,,,,,,
3,SEP,2013,"6,20",,,,,,,
4,SEP,2013,"43,00",,,,,,,
5,SEP,2013,,,,,,,,
6,SEP,2013,"43,10",,,,,,,
7,SEP,2013,"4,60",,,,,,,
8,SEP,2013,,,,,,,,
9,SEP,2013,"3,50",,,,,,,
10,SEP,2013,,,,,,,,
11,SEP,2013,,,,,,,,
12,SEP,2013,,,,,,,,
13,SEP,2013,,,,,,,,
14,SEP,2013,,,,,,,,
15,SEP,2013,"9,00",,,,,,,
16,SEP,2013,"11,50",,,,,,,
17,SEP,2013,,,,,,,,
18,SEP,2013,"33,50",,,,,,,
19,SEP,2013,,,,,,,,
20,SEP,2013,,,,,,,,
21,SEP,2013,,,,,,,,
22,SEP,2013,,,,,,,,
23,SEP,2013,,,,,,,,
24,SEP,2013,,,,,,,,
25,SEP,2013,,,,,,,,
26,SEP,2013,,,,,,,,
27,SEP,2013,"22,00",,,,,,,
28,SEP,2013,,,,,,,,
29,SEP,2013,"8,00",,,,,,,
30,SEP,2013,"54,30",,,,,,,
31,SEP,2013,,,,,,,,
1,OKT,2013,,,,,,,,
2,OKT,2013,,,,,,,,
3,OKT,2013,,,,,,,,
4,OKT,2013,,,,,,,,
5,OKT,2013,,,,,,,,
6,OKT,2013,,,,,,,,
7,OKT,2013,"8,80",,,,,,,
8,OKT,2013,,,,,,,,
9,OKT,2013,,,,,,,,
10,OKT,2013,"13,10",,,,,,,
11,OKT,2013,"2,50",,,,,,,
12,OKT,2013,,,,,,,,
13,OKT,2013,"2,90",,,,,,,
14,OKT,2013,,,,,,,,
15,OKT,2013,,,,,,,,
16,OKT,2013,,,,,,,,
17,OKT,2013,,,,,,,,
18,OKT,2013,,,,,,,,
19,OKT,2013,,,,,,,,
20,OKT,2013,,,,,,,,
21,OKT,2013,,,,,,,,
22,OKT,2013,,,,,,,,
23,OKT,2013,,,,,,,,
24,OKT,2013,,,,,,,,
25,OKT,2013,,,,,,,,
26,OKT,2013,"24,50",,,,,,,
27,OKT,2013,"7,10",,,,,,,
28,OKT,2013,"23,60",,,,,,,
29,OKT,2013,"6,70",,,,,,,
30,OKT,2013,,,,,,,,
31,OKT,2013,"30,50",,,,,,,
1,NOV,2013,,,,,,,,
2,NOV,2013,,,,,,,,
3,NOV,2013,"33,00",,,,,,,
4,NOV,2013,,,,,,,,
5,NOV,2013,,,,,,,,
6,NOV,2013,"65,50",,,,,,,
7,NOV,2013,"17,10",,,,,,,
8,NOV,2013,,,,,,,,
9,NOV,2013,,,,,,,,
10,NOV,2013,,,,,,,,
11,NOV,2013,"26,50",,,,,,,
12,NOV,2013,,,,,,,,
13,NOV,2013,,,,,,,,
14,NOV,2013,"8,90",,,,,,,
15,NOV,2013,,,,,,,,
16,NOV,2013,"29,70",,,,,,,
17,NOV,2013,"166,80",,,,,,,
18,NOV,2013,,,,,,,,
19,NOV,2013,"3,20",,,,,,,
20,NOV,2013,"56,10",,,,,,,
21,NOV,2013,,,,,,,,
22,NOV,2013,"48,00",,,,,,,
23,NOV,2013,"1,60",,,,,,,
24,NOV,2013,"13,00",,,,,,,
25,NOV,2013,,,,,,,,
26,NOV,2013,"7,60",,,,,,,
27,NOV,2013,,,,,,,,
28,NOV,2013,"59,30",,,,,,,
29,NOV,2013,,,,,,,,
30,NOV,2013,"5,20",,,,,,,
31,NOV,2013,,,,,,,,
1,DES,2013,,,,,,,,
2,DES,2013,,,,,,,,
3,DES,2013,"15,50",,,,,,,
4,DES,2013,"6,00",,,,,,,
5,DES,2013,"28,20",,,,,,,
6,DES,2013,"16,50",,,,,,,
7,DES,2013,,,,,,,,
8,DES,2013,,,,,,,,
9,DES,2013,"34,80",,,,,,,
10,DES,2013,,,,,,,,
11,DES,2013,"74,60",,,,,,,
12,DES,2013,,,,,,,,
13,DES,2013,,,,,,,,
14,DES,2013,"59,00",,,,,,,
15,DES,2013,"4,50",,,,,,,
16,DES,2013,"8,10",,,,,,,
17,DES,2013,,,,,,,,
18,DES,2013,,,,,,,,
19,DES,2013,,,,,,,,
20,DES,2013,,,,,,,,
21,DES,2013,,,,,,,,
22,DES,2013,"89,30",,,,,,,
23,DES,2013,,,,,,,,
24,DES,2013,,,,,,,,
25,DES,2013,,,,,,,,
26,DES,2013,"18,80",,,,,,,
27,DES,2013,"16,80",,,,,,,
28,DES,2013,"19,40",,,,,,,
29,DES,2013,"11,60",,,,,,,
30,DES,2013,"69,60",,,,,,,
31,DES,2013,,,,,,,,
1,JAN,2012,"20,50",,,,,,,
2,JAN,2012,"3,60",,,,,,,
3,JAN,2012,"31,50",,,,,,,
4,JAN,2012,"60,20",,,,,,,
5,JAN,2012,,,,,,,,
6,JAN,2012,,,,,,,,
7,JAN,2012,,,,,,,,
8,JAN,2012,"2,50",,,,,,,
9,JAN,2012,"3,60",,,,,,,
10,JAN,2012,"0,50",,,,,,,
11,JAN,2012,,,,,,,,
12,JAN,2012,,,,,,,,
13,JAN,2012,,,,,,,,
14,JAN,2012,"15,20",,,,,,,
15,JAN,2012,"31,60",,,,,,,
16,JAN,2012,,,,,,,,
17,JAN,2012,"0,60",,,,,,,
18,JAN,2012,,,,,,,,
19,JAN,2012,"15,20",,,,,,,
20,JAN,2012,"30,50",,,,,,,
21,JAN,2012,"30,60",,,,,,,
22,JAN,2012,"2,50",,,,,,,
23,JAN,2012,,,,,,,,
24,JAN,2012,,,,,,,,
25,JAN,2012,"0,50",,,,,,,
26,JAN,2012,,,,,,,,
27,JAN,2012,,,,,,,,
28,JAN,2012,,,,,,,,
29,JAN,2012,"15,20",,,,,,,
30,JAN,2012,"31,50",,,,,,,
31,JAN,2012,,,,,,,,
1,FEB,2012,,,,,,,,
2,FEB,2012,"31,50",,,,,,,
3,FEB,2012,,,,,,,,
4,FEB,2012,,,,,,,,
5,FEB,2012,"0,60",,,,,,,
6,FEB,2012,,,,,,,,
7,FEB,2012,,,,,,,,
8,FEB,2012,,,,,,,,
9,FEB,2012,,,,,,,,
10,FEB,2012,"1,50",,,,,,,
11,FEB,2012,,,,,,,,
12,FEB,2012,,,,,,,,
13,FEB,2012,"32,50",,,,,,,
14,FEB,2012,"15,20",,,,,,,
15,FEB,2012,"21,50",,,,,,,
16,FEB,2012,,,,,,,,
17,FEB,2012,,,,,,,,
18,FEB,2012,"15,20",,,,,,,
19,FEB,2012,,,,,,,,
20,FEB,2012,,,,,,,,
21,FEB,2012,"2,50",,,,,,,
22,FEB,2012,"30,50",,,,,,,
23,FEB,2012,,,,,,,,
24,FEB,2012,,,,,,,,
25,FEB,2012,,,,,,,,
26,FEB,2012,"15,20",,,,,,,
27,FEB,2012,"31,50",,,,,,,
28,FEB,2012,"2,50",,,,,,,
29,FEB,2012,,,,,,,,
30,FEB,2012,,,,,,,,
31,FEB,2012,,,,,,,,
1,MAR,2012,"20,50",,,,,,,
2,MAR,2012,"3,60",,,,,,,
3,MAR,2012,"30,50",,,,,,,
4,MAR,2012,"15,20",,,,,,,
5,MAR,2012,,,,,,,,
6,MAR,2012,,,,,,,,
7,MAR,2012,,,,,,,,
8,MAR,2012,"0,60",,,,,,,
9,MAR,2012,"30,50",,,,,,,
10,MAR,2012,,,,,,,,
11,MAR,2012,,,,,,,,
12,MAR,2012,"3,90",,,,,,,
13,MAR,2012,"32,50",,,,,,,
14,MAR,2012,,,,,,,,
15,MAR,2012,,,,,,,,
16,MAR,2012,"15,20",,,,,,,
17,MAR,2012,"31,50",,,,,,,
18,MAR,2012,,,,,,,,
19,MAR,2012,,,,,,,,
20,MAR,2012,"15,20",,,,,,,
21,MAR,2012,,,,,,,,
22,MAR,2012,,,,,,,,
23,MAR,2012,,,,,,,,
24,MAR,2012,"3,60",,,,,,,
25,MAR,2012,,,,,,,,
26,MAR,2012,,,,,,,,
27,MAR,2012,,,,,,,,
28,MAR,2012,"3,60",,,,,,,
29,MAR,2012,,,,,,,,
30,MAR,2012,"3,60",,,,,,,
31,MAR,2012,"0,60",,,,,,,
1,APR,2012,"2,50",,,,,,,
2,APR,2012,,,,,,,,
3,APR,2012,,,,,,,,
4,APR,2012,"31,50",,,,,,,
5,APR,2012,"20,50",,,,,,,
6,APR,2012,,,,,,,,
7,APR,2012,,,,,,,,
8,APR,2012,,,,,,,,
9,APR,2012,,,,,,,,
10,APR,2012,,,,,,,,
11,APR,2012,,,,,,,,
12,APR,2012,"15,20",,,,,,,
13,APR,2012,,,,,,,,
14,APR,2012,,,,,,,,
15,APR,2012,,,,,,,,
16,APR,2012,,,,,,,,
17,APR,2012,"50,20",,,,,,,
18,APR,2012,,,,,,,,
19,APR,2012,,,,,,,,
20,APR,2012,,,,,,,,
21,APR,2012,,,,,,,,
22,APR,2012,"33,50",,,,,,,
23,APR,2012,,,,,,,,
24,APR,2012,"16,30",,,,,,,
25,APR,2012,"2,50",,,,,,,
26,APR,2012,,,,,,,,
27,APR,2012,"0,80",,,,,,,
28,APR,2012,"31,54",,,,,,,
29,APR,2012,"33,60",,,,,,,
30,APR,2012,"30,50",,,,,,,
31,APR,2012,,,,,,,,
1,MEI,2012,"3,60",,,,,,,
2,MEI,2012,"20,50",,,,,,,
3,MEI,2012,"33,60",,,,,,,
4,MEI,2012,"65,20",,,,,,,
5,MEI,2012,"0,60",,,,,,,
6,MEI,2012,"50,20",,,,,,,
7,MEI,2012,"2,50",,,,,,,
8,MEI,2012,,,,,,,,
9,MEI,2012,,,,,,,,
10,MEI,2012,,,,,,,,
11,MEI,2012,,,,,,,,
12,MEI,2012,"15,20",,,,,,,
13,MEI,2012,,,,,,,,
14,MEI,2012,,,,,,,,
15,MEI,2012,,,,,,,,
16,MEI,2012,,,,,,,,
17,MEI,2012,,,,,,,,
18,MEI,2012,"2,50",,,,,,,
19,MEI,2012,,,,,,,,
20,MEI,2012,,,,,,,,
21,MEI,2012,,,,,,,,
22,MEI,2012,"15,20",,,,,,,
23,MEI,2012,"31,50",,,,,,,
24,MEI,2012,,,,,,,,
25,MEI,2012,,,,,,,,
26,MEI,2012,,,,,,,,
27,MEI,2012,"1,50",,,,,,,
28,MEI,2012,,,,,,,,
29,MEI,2012,,,,,,,,
30,MEI,2012,"2,90",,,,,,,
31,MEI,2012,"2,50",,,,,,,
1,JUNI,2012,,,,,,,,
2,JUNI,2012,,,,,,,,
3,JUNI,2012,,,,,,,,
4,JUNI,2012,"2,40",,,,,,,
5,JUNI,2012,,,,,,,,
6,JUNI,2012,,,,,,,,
7,JUNI,2012,"1,50",,,,,,,
8,JUNI,2012,,,,,,,,
9,JUNI,2012,,,,,,,,
10,JUNI,2012,,,,,,,,
11,JUNI,2012,"50,20",,,,,,,
12,JUNI,2012,"30,20",,,,,,,
13,JUNI,2012,"15,20",,,,,,,
14,JUNI,2012,,,,,,,,
15,JUNI,2012,,,,,,,,
16,JUNI,2012,"6,30",,,,,,,
17,JUNI,2012,"2,50",,,,,,,
18,JUNI,2012,,,,,,,,
19,JUNI,2012,,,,,,,,
20,JUNI,2012,"31,50",,,,,,,
21,JUNI,2012,"15,20",,,,,,,
22,JUNI,2012,,,,,,,,
23,JUNI,2012,,,,,,,,
24,JUNI,2012,"30,20",,,,,,,
25,JUNI,2012,"1,50",,,,,,,
26,JUNI,2012,,,,,,,,
27,JUNI,2012,,,,,,,,
28,JUNI,2012,,,,,,,,
29,JUNI,2012,"15,20",,,,,,,
30,JUNI,2012,"30,50",,,,,,,
31,JUNI,2012,,,,,,,,
1,JULI,2012,"20,50",,,,,,,
2,JULI,2012,"30,50",,,,,,,
3,JULI,2012,,,,,,,,
4,JULI,2012,"16,20",,,,,,,
5,JULI,2012,,,,,,,,
6,JULI,2012,,,,,,,,
7,JULI,2012,,,,,,,,
8,JULI,2012,"30,20",,,,,,,
9,JULI,2012,,,,,,,,
10,JULI,2012,,,,,,,,
11,JULI,2012,"1,50",,,,,,,
12,JULI,2012,,,,,,,,
13,JULI,2012,,,,,,,,
14,JULI,2012,,,,,,,,
15,JULI,2012,,,,,,,,
16,JULI,2012,,,,,,,,
17,JULI,2012,,,,,,,,
18,JULI,2012,,,,,,,,
19,JULI,2012,,,,,,,,
20,JULI,2012,,,,,,,,
21,JULI,2012,,,,,,,,
22,JULI,2012,,,,,,,,
23,JULI,2012,"1,50",,,,,,,
24,JULI,2012,"30,20",,,,,,,
25,JULI,2012,,,,,,,,
26,JULI,2012,,,,,,,,
27,JULI,2012,,,,,,,,
28,JULI,2012,"1,20",,,,,,,
29,JULI,2012,,,,,,,,
30,JULI,2012,,,,,,,,
31,JULI,2012,,,,,,,,
1,AGS,2012,,,,,,,,
2,AGS,2012,"10,50",,,,,,,
3,AGS,2012,,,,,,,,
4,AGS,2012,,,,,,,,
5,AGS,2012,,,,,,,,
6,AGS,2012,,,,,,,,
7,AGS,2012,"12,50",,,,,,,
8,AGS,2012,,,,,,,,
9,AGS,2012,,,,,,,,
10,AGS,2012,,,,,,,,
11,AGS,2012,,,,,,,,
12,AGS,2012,"1,50",,,,,,,
13,AGS,2012,,,,,,,,
14,AGS,2012,,,,,,,,
15,AGS,2012,,,,,,,,
16,AGS,2012,,,,,,,,
17,AGS,2012,,,,,,,,
18,AGS,2012,"3,60",,,,,,,
19,AGS,2012,"50,20",,,,,,,
20,AGS,2012,,,,,,,,
21,AGS,2012,,,,,,,,
22,AGS,2012,,,,,,,,
23,AGS,2012,,,,,,,,
24,AGS,2012,,,,,,,,
25,AGS,2012,,,,,,,,
26,AGS,2012,,,,,,,,
27,AGS,2012,,,,,,,,
28,AGS,2012,"30,50",,,,,,,
29,AGS,2012,"16,20",,,,,,,
30,AGS,2012,,,,,,,,
31,AGS,2012,"20,50",,,,,,,
1,SEP,2012,,,,,,,,
2,SEP,2012,,,,,,,,
3,SEP,2012,,,,,,,,
4,SEP,2012,,,,,,,,
5,SEP,2012,,,,,,,,
6,SEP,2012,"155,30",,,,,,,
7,SEP,2012,"40,30",,,,,,,
8,SEP,2012,,,,,,,,
9,SEP,2012,"16,50",,,,,,,
10,SEP,2012,,,,,,,,
11,SEP,2012,,,,,,,,
12,SEP,2012,,,,,,,,
13,SEP,2012,,,,,,,,
14,SEP,2012,,,,,,,,
15,SEP,2012,,,,,,,,
16,SEP,2012,,,,,,,,
17,SEP,2012,,,,,,,,
18,SEP,2012,,,,,,,,
19,SEP,2012,,,,,,,,
20,SEP,2012,,,,,,,,
21,SEP,2012,,,,,,,,
22,SEP,2012,,,,,,,,
23,SEP,2012,,,,,,,,
24,SEP,2012,,,,,,,,
25,SEP,2012,,,,,,,,
26,SEP,2012,,,,,,,,
27,SEP,2012,,,,,,,,
28,SEP,2012,,,,,,,,
29,SEP,2012,,,,,,,,
30,SEP,2012,,,,,,,,
31,SEP,2012,,,,,,,,
1,OKT,2012,,,,,,,,
2,OKT,2012,,,,,,,,
3,OKT,2012,,,,,,,,
4,OKT,2012,,,,,,,,
5,OKT,2012,,,,,,,,
6,OKT,2012,,,,,,,,
7,OKT,2012,,,,,,,,
8,OKT,2012,,,,,,,,
9,OKT,2012,,,,,,,,
10,OKT,2012,,,,,,,,
11,OKT,2012,,,,,,,,
12,OKT,2012,"10,70",,,,,,,
13,OKT,2012,,,,,,,,
14,OKT,2012,,,,,,,,
15,OKT,2012,"3,50",,,,,,,
16,OKT,2012,,,,,,,,
17,OKT,2012,,,,,,,,
18,OKT,2012,,,,,,,,
19,OKT,2012,,,,,,,,
20,OKT,2012,,,,,,,,
21,OKT,2012,,,,,,,,
22,OKT,2012,,,,,,,,
23,OKT,2012,"30,20",,,,,,,
24,OKT,2012,"20,00",,,,,,,
25,OKT,2012,"10,20",,,,,,,
26,OKT,2012,,,,,,,,
27,OKT,2012,,,,,,,,
28,OKT,2012,"5,60",,,,,,,
29,OKT,2012,"8,50",,,,,,,
30,OKT,2012,"10,00",,,,,,,
31,OKT,2012,,,,,,,,
1,NOV,2012,,,,,,,,
2,NOV,2012,,,,,,,,
3,NOV,2012,"10,00",,,,,,,
4,NOV,2012,"20,00",,,,,,,
5,NOV,2012,,,,,,,,
6,NOV,2012,"40,00",,,,,,,
7,NOV,2012,,,,,,,,
8,NOV,2012,,,,,,,,
9,NOV,2012,"16,00",,,,,,,
10,NOV,2012,,,,,,,,
11,NOV,2012,,,,,,,,
12,NOV,2012,,,,,,,,
13,NOV,2012,,,,,,,,
14,NOV,2012,"35,50",,,,,,,
15,NOV,2012,,,,,,,,
16,NOV,2012,,,,,,,,
17,NOV,2012,,,,,,,,
18,NOV,2012,,,,,,,,
19,NOV,2012,"20,00",,,,,,,
20,NOV,2012,,,,,,,,
21,NOV,2012,"20,80",,,,,,,
22,NOV,2012,,,,,,,,
23,NOV,2012,,,,,,,,
24,NOV,2012,,,,,,,,
25,NOV,2012,,,,,,,,
26,NOV,2012,,,,,,,,
27,NOV,2012,,,,,,,,
28,NOV,2012,,,,,,,,
29,NOV,2012,,,,,,,,
30,NOV,2012,,,,,,,,
31,NOV,2012,,,,,,,,
1,DES,2012,,,,,,,,
2,DES,2012,,,,,,,,
3,DES,2012,"120,00",,,,,,,
4,DES,2012,"100,00",,,,,,,
5,DES,2012,,,,,,,,
6,DES,2012,,,,,,,,
7,DES,2012,,,,,,,,
8,DES,2012,,,,,,,,
9,DES,2012,,,,,,,,
10,DES,2012,,,,,,,,
11,DES,2012,,,,,,,,
12,DES,2012,,,,,,,,
13,DES,2012,,,,,,,,
14,DES,2012,,,,,,,,
15,DES,2012,,,,,,,,
16,DES,2012,,,,,,,,
17,DES,2012,,,,,,,,
18,DES,2012,,,,,,,,
19,DES,2012,,,,,,,,
20,DES,2012,,,,,,,,
21,DES,2012,,,,,,,,
22,DES,2012,,,,,,,,
23,DES,2012,,,,,,,,
24,DES,2012,,,,,,,,
25,DES,2012,,,,,,,,
26,DES,2012,,,,,,,,
27,DES,2012,,,,,,,,
28,DES,2012,,,,,,,,
29,DES,2012,,,,,,,,
30,DES,2012,,,,,,,,
31,DES,2012,,,,,,,,
1,JAN,2011,"12,20",,,,,,,
2,JAN,2011,,,,,,,,
3,JAN,2011,,,,,,,,
4,JAN,2011,"15,60",,,,,,,
5,JAN,2011,"0,60",,,,,,,
6,JAN,2011,,,,,,,,
7,JAN,2011,,,,,,,,
8,JAN,2011,"2,50",,,,,,,
9,JAN,2011,"12,80",,,,,,,
10,JAN,2011,,,,,,,,
11,JAN,2011,,,,,,,,
12,JAN,2011,,,,,,,,
13,JAN,2011,,,,,,,,
14,JAN,2011,"0,50",,,,,,,
15,JAN,2011,"0,90",,,,,,,
16,JAN,2011,,,,,,,,
17,JAN,2011,,,,,,,,
18,JAN,2011,"1,50",,,,,,,
19,JAN,2011,,,,,,,,
20,JAN,2011,,,,,,,,
21,JAN,2011,,,,,,,,
22,JAN,2011,"33,60",,,,,,,
23,JAN,2011,,,,,,,,
24,JAN,2011,,,,,,,,
25,JAN,2011,,,,,,,,
26,JAN,2011,"11,60",,,,,,,
27,JAN,2011,,,,,,,,
28,JAN,2011,,,,,,,,
29,JAN,2011,"3,60",,,,,,,
30,JAN,2011,,,,,,,,
31,JAN,2011,,,,,,,,
1,FEB,2011,,,,,,,,
2,FEB,2011,,,,,,,,
3,FEB,2011,,,,,,,,
4,FEB,2011,,,,,,,,
5,FEB,2011,,,,,,,,
6,FEB,2011,,,,,,,,
7,FEB,2011,,,,,,,,
8,FEB,2011,,,,,,,,
9,FEB,2011,,,,,,,,
10,FEB,2011,,,,,,,,
11,FEB,2011,"15,20",,,,,,,
12,FEB,2011,,,,,,,,
13,FEB,2011,,,,,,,,
14,FEB,2011,,,,,,,,
15,FEB,2011,"3,60",,,,,,,
16,FEB,2011,,,,,,,,
17,FEB,2011,,,,,,,,
18,FEB,2011,,,,,,,,
19,FEB,2011,"2,50",,,,,,,
20,FEB,2011,,,,,,,,
21,FEB,2011,,,,,,,,
22,FEB,2011,,,,,,,,
23,FEB,2011,,,,,,,,
24,FEB,2011,"14,20",,,,,,,
25,FEB,2011,,,,,,,,
26,FEB,2011,,,,,,,,
27,FEB,2011,"0,60",,,,,,,
28,FEB,2011,,,,,,,,
29,FEB,2011,,,,,,,,
30,FEB,2011,,,,,,,,
31,FEB,2011,,,,,,,,
1,MAR,2011,,,,,,,,
2,MAR,2011,,,,,,,,
3,MAR,2011,"3,60",,,,,,,
4,MAR,2011,"15,20",,,,,,,
5,MAR,2011,"0,90",,,,,,,
6,MAR,2011,,,,,,,,
7,MAR,2011,,,,,,,,
8,MAR,2011,,,,,,,,
9,MAR,2011,"2,50",,,,,,,
10,MAR,2011,,,,,,,,
11,MAR,2011,,,,,,,,
12,MAR,2011,"0,60",,,,,,,
13,MAR,2011,,,,,,,,
14,MAR,2011,"0,80",,,,,,,
15,MAR,2011,,,,,,,,
16,MAR,2011,,,,,,,,
17,MAR,2011,,,,,,,,
18,MAR,2011,,,,,,,,
19,MAR,2011,,,,,,,,
20,MAR,2011,"1,20",,,,,,,
21,MAR,2011,,,,,,,,
22,MAR,2011,,,,,,,,
23,MAR,2011,,,,,,,,
24,MAR,2011,"2,00",,,,,,,
25,MAR,2011,,,,,,,,
26,MAR,2011,,,,,,,,
27,MAR,2011,,,,,,,,
28,MAR,2011,,,,,,,,
29,MAR,2011,,,,,,,,
30,MAR,2011,,,,,,,,
31,MAR,2011,,,,,,,,
1,APR,2011,,,,,,,,
2,APR,2011,,,,,,,,
3,APR,2011,,,,,,,,
4,APR,2011,,,,,,,,
5,APR,2011,"2,50",,,,,,,
6,APR,2011,"3,60",,,,,,,
7,APR,2011,,,,,,,,
8,APR,2011,"6,20",,,,,,,
9,APR,2011,,,,,,,,
10,APR,2011,,,,,,,,
11,APR,2011,,,,,,,,
12,APR,2011,,,,,,,,
13,APR,2011,,,,,,,,
14,APR,2011,,,,,,,,
15,APR,2011,,,,,,,,
16,APR,2011,"1,50",,,,,,,
17,APR,2011,"0,60",,,,,,,
18,APR,2011,,,,,,,,
19,APR,2011,,,,,,,,
20,APR,2011,,,,,,,,
21,APR,2011,,,,,,,,
22,APR,2011,,,,,,,,
23,APR,2011,,,,,,,,
24,APR,2011,"2,50",,,,,,,
25,APR,2011,,,,,,,,
26,APR,2011,,,,,,,,
27,APR,2011,,,,,,,,
28,APR,2011,,,,,,,,
29,APR,2011,,,,,,,,
30,APR,2011,,,,,,,,
31,APR,2011,,,,,,,,
1,MEI,2011,"2,50",,,,,,,
2,MEI,2011,"0,60",,,,,,,
3,MEI,2011,"0,50",,,,,,,
4,MEI,2011,"2,50",,,,,,,
5,MEI,2011,"2,40",,,,,,,
6,MEI,2011,"3,60",,,,,,,
7,MEI,2011,,,,,,,,
8,MEI,2011,,,,,,,,
9,MEI,2011,,,,,,,,
10,MEI,2011,,,,,,,,
11,MEI,2011,,,,,,,,
12,MEI,2011,,,,,,,,
13,MEI,2011,,,,,,,,
14,MEI,2011,,,,,,,,
15,MEI,2011,,,,,,,,
16,MEI,2011,,,,,,,,
17,MEI,2011,"0,50",,,,,,,
18,MEI,2011,,,,,,,,
19,MEI,2011,,,,,,,,
20,MEI,2011,,,,,,,,
21,MEI,2011,,,,,,,,
22,MEI,2011,"0,90",,,,,,,
23,MEI,2011,,,,,,,,
24,MEI,2011,,,,,,,,
25,MEI,2011,,,,,,,,
26,MEI,2011,,,,,,,,
27,MEI,2011,,,,,,,,
28,MEI,2011,,,,,,,,
29,MEI,2011,,,,,,,,
30,MEI,2011,,,,,,,,
31,MEI,2011,,,,,,,,
1,JUNI,2011,,,,,,,,
2,JUNI,2011,,,,,,,,
3,JUNI,2011,,,,,,,,
4,JUNI,2011,"2,60",,,,,,,
5,JUNI,2011,"3,90",,,,,,,
6,JUNI,2011,,,,,,,,
7,JUNI,2011,,,,,,,,
8,JUNI,2011,,,,,,,,
9,JUNI,2011,,,,,,,,
10,JUNI,2011,,,,,,,,
11,JUNI,2011,,,,,,,,
12,JUNI,2011,,,,,,,,
13,JUNI,2011,"15,20",,,,,,,
14,JUNI,2011,,,,,,,,
15,JUNI,2011,,,,,,,,
16,JUNI,2011,,,,,,,,
17,JUNI,2011,"3,60",,,,,,,
18,JUNI,2011,,,,,,,,
19,JUNI,2011,,,,,,,,
20,JUNI,2011,,,,,,,,
21,JUNI,2011,,,,,,,,
22,JUNI,2011,,,,,,,,
23,JUNI,2011,,,,,,,,
24,JUNI,2011,,,,,,,,
25,JUNI,2011,,,,,,,,
26,JUNI,2011,,,,,,,,
27,JUNI,2011,,,,,,,,
28,JUNI,2011,,,,,,,,
29,JUNI,2011,,,,,,,,
30,JUNI,2011,,,,,,,,
31,JUNI,2011,,,,,,,,
1,JULI,2011,,,,,,,,
2,JULI,2011,,,,,,,,
3,JULI,2011,"0,60",,,,,,,
4,JULI,2011,,,,,,,,
5,JULI,2011,,,,,,,,
6,JULI,2011,,,,,,,,
7,JULI,2011,"2,60",,,,,,,
8,JULI,2011,,,,,,,,
9,JULI,2011,,,,,,,,
10,JULI,2011,,,,,,,,
11,JULI,2011,,,,,,,,
12,JULI,2011,,,,,,,,
13,JULI,2011,,,,,,,,
14,JULI,2011,,,,,,,,
15,JULI,2011,,,,,,,,
16,JULI,2011,"15,20",,,,,,,
17,JULI,2011,,,,,,,,
18,JULI,2011,,,,,,,,
19,JULI,2011,,,,,,,,
20,JULI,2011,,,,,,,,
21,JULI,2011,,,,,,,,
22,JULI,2011,,,,,,,,
23,JULI,2011,,,,,,,,
24,JULI,2011,"3,60",,,,,,,
25,JULI,2011,,,,,,,,
26,JULI,2011,,,,,,,,
27,JULI,2011,,,,,,,,
28,JULI,2011,,,,,,,,
29,JULI,2011,,,,,,,,
30,JULI,2011,,,,,,,,
31,JULI,2011,,,,,,,,
1,AGS,2011,,,,,,,,
2,AGS,2011,,,,,,,,
3,AGS,2011,"1,00",,,,,,,
4,AGS,2011,,,,,,,,
5,AGS,2011,,,,,,,,
6,AGS,2011,,,,,,,,
7,AGS,2011,,,,,,,,
8,AGS,2011,,,,,,,,
9,AGS,2011,,,,,,,,
10,AGS,2011,,,,,,,,
11,AGS,2011,,,,,,,,
12,AGS,2011,,,,,,,,
13,AGS,2011,,,,,,,,
14,AGS,2011,,,,,,,,
15,AGS,2011,,,,,,,,
16,AGS,2011,,,,,,,,
17,AGS,2011,,,,,,,,
18,AGS,2011,,,,,,,,
19,AGS,2011,,,,,,,,
20,AGS,2011,"2,30",,,,,,,
21,AGS,2011,,,,,,,,
22,AGS,2011,,,,,,,,
23,AGS,2011,,,,,,,,
24,AGS,2011,,,,,,,,
25,AGS,2011,,,,,,,,
26,AGS,2011,,,,,,,,
27,AGS,2011,,,,,,,,
28,AGS,2011,,,,,,,,
29,AGS,2011,,,,,,,,
30,AGS,2011,,,,,,,,
31,AGS,2011,,,,,,,,
1,SEP,2011,,,,,,,,
2,SEP,2011,,,,,,,,
3,SEP,2011,,,,,,,,
4,SEP,2011,,,,,,,,
5,SEP,2011,,,,,,,,
6,SEP,2011,"1,50",,,,,,,
7,SEP,2011,"3,60",,,,,,,
8,SEP,2011,"3,50",,,,,,,
9,SEP,2011,,,,,,,,
10,SEP,2011,,,,,,,,
11,SEP,2011,,,,,,,,
12,SEP,2011,,,,,,,,
13,SEP,2011,,,,,,,,
14,SEP,2011,,,,,,,,
15,SEP,2011,,,,,,,,
16,SEP,2011,,,,,,,,
17,SEP,2011,"2,50",,,,,,,
18,SEP,2011,,,,,,,,
19,SEP,2011,,,,,,,,
20,SEP,2011,,,,,,,,
21,SEP,2011,"3,60",,,,,,,
22,SEP,2011,,,,,,,,
23,SEP,2011,,,,,,,,
24,SEP,2011,,,,,,,,
25,SEP,2011,,,,,,,,
26,SEP,2011,"1,50",,,,,,,
27,SEP,2011,,,,,,,,
28,SEP,2011,,,,,,,,
29,SEP,2011,,,,,,,,
30,SEP,2011,,,,,,,,
31,SEP,2011,,,,,,,,
1,OKT,2011,"3,60",,,,,,,
2,OKT,2011,"3,50",,,,,,,
3,OKT,2011,,,,,,,,
4,OKT,2011,,,,,,,,
5,OKT,2011,,,,,,,,
6,OKT,2011,,,,,,,,
7,OKT,2011,,,,,,,,
8,OKT,2011,"1,50",,,,,,,
9,OKT,2011,"6,30",,,,,,,
10,OKT,2011,,,,,,,,
11,OKT,2011,,,,,,,,
12,OKT,2011,,,,,,,,
13,OKT,2011,"1,50",,,,,,,
14,OKT,2011,,,,,,,,
15,OKT,2011,,,,,,,,
16,OKT,2011,,,,,,,,
17,OKT,2011,"3,60",,,,,,,
18,OKT,2011,,,,,,,,
19,OKT,2011,,,,,,,,
20,OKT,2011,,,,,,,,
21,OKT,2011,,,,,,,,
22,OKT,2011,"1,50",,,,,,,
23,OKT,2011,,,,,,,,
24,OKT,2011,,,,,,,,
25,OKT,2011,,,,,,,,
26,OKT,2011,"0,60",,,,,,,
27,OKT,2011,,,,,,,,
28,OKT,2011,,,,,,,,
29,OKT,2011,,,,,,,,
30,OKT,2011,,,,,,,,
31,OKT,2011,,,,,,,,
1,NOV,2011,,,,,,,,
2,NOV,2011,"2,60",,,,,,,
3,NOV,2011,"3,50",,,,,,,
4,NOV,2011,,,,,,,,
5,NOV,2011,"1,50",,,,,,,
6,NOV,2011,,,,,,,,
7,NOV,2011,,,,,,,,
8,NOV,2011,,,,,,,,
9,NOV,2011,,,,,,,,
10,NOV,2011,"10,00",,,,,,,
11,NOV,2011,,,,,,,,
12,NOV,2011,,,,,,,,
13,NOV,2011,,,,,,,,
14,NOV,2011,,,,,,,,
15,NOV,2011,"6,20",,,,,,,
16,NOV,2011,,,,,,,,
17,NOV,2011,,,,,,,,
18,NOV,2011,,,,,,,,
19,NOV,2011,,,,,,,,
20,NOV,2011,,,,,,,,
21,NOV,2011,,,,,,,,
22,NOV,2011,,,,,,,,
23,NOV,2011,"3,00",,,,,,,
24,NOV,2011,,,,,,,,
25,NOV,2011,,,,,,,,
26,NOV,2011,,,,,,,,
27,NOV,2011,,,,,,,,
28,NOV,2011,,,,,,,,
29,NOV,2011,,,,,,,,
30,NOV,2011,,,,,,,,
31,NOV,2011,,,,,,,,
1,DES,2011,,,,,,,,
2,DES,2011,,,,,,,,
3,DES,2011,"15,20",,,,,,,
4,DES,2011,"6,20",,,,,,,
5,DES,2011,,,,,,,,
6,DES,2011,,,,,,,,
7,DES,2011,,,,,,,,
8,DES,2011,,,,,,,,
9,DES,2011,,,,,,,,
10,DES,2011,"3,90",,,,,,,
11,DES,2011,,,,,,,,
12,DES,2011,,,,,,,,
13,DES,2011,"2,50",,,,,,,
14,DES,2011,"3,60",,,,,,,
15,DES,2011,,,,,,,,
16,DES,2011,,,,,,,,
17,DES,2011,,,,,,,,
18,DES,2011,,,,,,,,
19,DES,2011,,,,,,,,
20,DES,2011,,,,,,,,
21,DES,2011,"5,00",,,,,,,
22,DES,2011,,,,,,,,
23,DES,2011,,,,,,,,
24,DES,2011,,,,,,,,
25,DES,2011,,,,,,,,
26,DES,2011,"1,50",,,,,,,
27,DES,2011,,,,,,,,
28,DES,2011,,,,,,,,
29,DES,2011,,,,,,,,
30,DES,2011,,,,,,,,
31,DES,2011,,,,,,,,
1,JAN,2010,,,,,,,,
2,JAN,2010,"1,00",,,,,,,
3,JAN,2010,"9,00",,,,,,,
4,JAN,2010,,,,,,,,
5,JAN,2010,"2,60",,,,,,,
6,JAN,2010,"0,50",,,,,,,
7,JAN,2010,"10,00",,,,,,,
8,JAN,2010,,,,,,,,
9,JAN,2010,,,,,,,,
10,JAN,2010,,,,,,,,
11,JAN,2010,,,,,,,,
12,JAN,2010,,,,,,,,
13,JAN,2010,"1,50",,,,,,,
14,JAN,2010,"5,00",,,,,,,
15,JAN,2010,,,,,,,,
16,JAN,2010,,,,,,,,
17,JAN,2010,"2,60",,,,,,,
18,JAN,2010,"1,50",,,,,,,
19,JAN,2010,"30,00",,,,,,,
20,JAN,2010,,,,,,,,
21,JAN,2010,"23,00",,,,,,,
22,JAN,2010,,,,,,,,
23,JAN,2010,"33,00",,,,,,,
24,JAN,2010,,,,,,,,
25,JAN,2010,,,,,,,,
26,JAN,2010,"22,10",,,,,,,
27,JAN,2010,,,,,,,,
28,JAN,2010,,,,,,,,
29,JAN,2010,,,,,,,,
30,JAN,2010,"10,30",,,,,,,
31,JAN,2010,,,,,,,,
1,FEB,2010,"2,60",,,,,,,
2,FEB,2010,"4,00",,,,,,,
3,FEB,2010,"2,50",,,,,,,
4,FEB,2010,,,,,,,,
5,FEB,2010,,,,,,,,
6,FEB,2010,,,,,,,,
7,FEB,2010,,,,,,,,
8,FEB,2010,,,,,,,,
9,FEB,2010,,,,,,,,
10,FEB,2010,,,,,,,,
11,FEB,2010,,,,,,,,
12,FEB,2010,,,,,,,,
13,FEB,2010,,,,,,,,
14,FEB,2010,,,,,,,,
15,FEB,2010,,,,,,,,
16,FEB,2010,,,,,,,,
17,FEB,2010,,,,,,,,
18,FEB,2010,,,,,,,,
19,FEB,2010,"23,40",,,,,,,
20,FEB,2010,,,,,,,,
21,FEB,2010,"4,00",,,,,,,
22,FEB,2010,,,,,,,,
23,FEB,2010,"2,40",,,,,,,
24,FEB,2010,"1,50",,,,,,,
25,FEB,2010,,,,,,,,
26,FEB,2010,"10,20",,,,,,,
27,FEB,2010,"0,90",,,,,,,
28,FEB,2010,,,,,,,,
29,FEB,2010,,,,,,,,
30,FEB,2010,,,,,,,,
31,FEB,2010,,,,,,,,
1,MAR,2010,,,,,,,,
2,MAR,2010,,,,,,,,
3,MAR,2010,"2,00",,,,,,,
4,MAR,2010,"2,60",,,,,,,
5,MAR,2010,,,,,,,,
6,MAR,2010,"6,00",,,,,,,
7,MAR,2010,,,,,,,,
8,MAR,2010,,,,,,,,
9,MAR,2010,,,,,,,,
10,MAR,2010,"6,00",,,,,,,
11,MAR,2010,"43,00",,,,,,,
12,MAR,2010,,,,,,,,
13,MAR,2010,"5,00",,,,,,,
14,MAR,2010,,,,,,,,
15,MAR,2010,"2,60",,,,,,,
16,MAR,2010,,,,,,,,
17,MAR,2010,,,,,,,,
18,MAR,2010,,,,,,,,
19,MAR,2010,,,,,,,,
20,MAR,2010,,,,,,,,
21,MAR,2010,"15,20",,,,,,,
22,MAR,2010,,,,,,,,
23,MAR,2010,,,,,,,,
24,MAR,2010,,,,,,,,
25,MAR,2010,"23,00",,,,,,,
26,MAR,2010,,,,,,,,
27,MAR,2010,"60,20",,,,,,,
28,MAR,2010,,,,,,,,
29,MAR,2010,"10,00",,,,,,,
30,MAR,2010,"1,50",,,,,,,
31,MAR,2010,"30,00",,,,,,,
1,APR,2010,,,,,,,,
2,APR,2010,,,,,,,,
3,APR,2010,,,,,,,,
4,APR,2010,"24,10",,,,,,,
5,APR,2010,"5,00",,,,,,,
6,APR,2010,,,,,,,,
7,APR,2010,,,,,,,,
8,APR,2010,"1,50",,,,,,,
9,APR,2010,,,,,,,,
10,APR,2010,,,,,,,,
11,APR,2010,"70,10",,,,,,,
12,APR,2010,,,,,,,,
13,APR,2010,,,,,,,,
14,APR,2010,"15,20",,,,,,,
15,APR,2010,,,,,,,,
16,APR,2010,,,,,,,,
17,APR,2010,"7,00",,,,,,,
18,APR,2010,,,,,,,,
19,APR,2010,"30,50",,,,,,,
20,APR,2010,"2,40",,,,,,,
21,APR,2010,"7,00",,,,,,,
22,APR,2010,,,,,,,,
23,APR,2010,,,,,,,,
24,APR,2010,"7,50",,,,,,,
25,APR,2010,"4,20",,,,,,,
26,APR,2010,"43,00",,,,,,,
27,APR,2010,,,,,,,,
28,APR,2010,"80,20",,,,,,,
29,APR,2010,,,,,,,,
30,APR,2010,,,,,,,,
31,APR,2010,,,,,,,,
1,MEI,2010,,,,,,,,
2,MEI,2010,"1,50",,,,,,,
3,MEI,2010,"7,00",,,,,,,
4,MEI,2010,"5,00",,,,,,,
5,MEI,2010,,,,,,,,
6,MEI,2010,"11,00",,,,,,,
7,MEI,2010,,,,,,,,
8,MEI,2010,,,,,,,,
9,MEI,2010,"11,50",,,,,,,
10,MEI,2010,,,,,,,,
11,MEI,2010,"8,00",,,,,,,
12,MEI,2010,"20,50",,,,,,,
13,MEI,2010,"32,00",,,,,,,
14,MEI,2010,,,,,,,,
15,MEI,2010,,,,,,,,
16,MEI,2010,"60,20",,,,,,,
17,MEI,2010,,,,,,,,
18,MEI,2010,,,,,,,,
19,MEI,2010,,,,,,,,
20,MEI,2010,"7,00",,,,,,,
21,MEI,2010,,,,,,,,
22,MEI,2010,"2,50",,,,,,,
23,MEI,2010,,,,,,,,
24,MEI,2010,"50,20",,,,,,,
25,MEI,2010,"11,00",,,,,,,
26,MEI,2010,,,,,,,,
27,MEI,2010,"2,10",,,,,,,
28,MEI,2010,,,,,,,,
29,MEI,2010,,,,,,,,
30,MEI,2010,,,,,,,,
31,MEI,2010,,,,,,,,
1,JUNI,2010,"2,50",,,,,,,
2,JUNI,2010,,,,,,,,
3,JUNI,2010,,,,,,,,
4,JUNI,2010,,,,,,,,
5,JUNI,2010,"2,60",,,,,,,
6,JUNI,2010,"5,00",,,,,,,
7,JUNI,2010,,,,,,,,
8,JUNI,2010,"1,50",,,,,,,
9,JUNI,2010,,,,,,,,
10,JUNI,2010,,,,,,,,
11,JUNI,2010,,,,,,,,
12,JUNI,2010,,,,,,,,
13,JUNI,2010,,,,,,,,
14,JUNI,2010,,,,,,,,
15,JUNI,2010,,,,,,,,
16,JUNI,2010,"15,20",,,,,,,
17,JUNI,2010,,,,,,,,
18,JUNI,2010,"4,00",,,,,,,
19,JUNI,2010,,,,,,,,
20,JUNI,2010,"7,00",,,,,,,
21,JUNI,2010,,,,,,,,
22,JUNI,2010,,,,,,,,
23,JUNI,2010,"11,50",,,,,,,
24,JUNI,2010,,,,,,,,
25,JUNI,2010,,,,,,,,
26,JUNI,2010,,,,,,,,
27,JUNI,2010,,,,,,,,
28,JUNI,2010,,,,,,,,
29,JUNI,2010,,,,,,,,
30,JUNI,2010,,,,,,,,
31,JUNI,2010,,,,,,,,
1,JULI,2010,"2,10",,,,,,,
2,JULI,2010,,,,,,,,
3,JULI,2010,"6,00",,,,,,,
4,JULI,2010,"27,00",,,,,,,
5,JULI,2010,"1,50",,,,,,,
6,JULI,2010,,,,,,,,
7,JULI,2010,,,,,,,,
8,JULI,2010,,,,,,,,
9,JULI,2010,"20,50",,,,,,,
10,JULI,2010,"1,50",,,,,,,
11,JULI,2010,,,,,,,,
12,JULI,2010,"7,00",,,,,,,
13,JULI,2010,,,,,,,,
14,JULI,2010,,,,,,,,
15,JULI,2010,,,,,,,,
16,JULI,2010,"2,40",,,,,,,
17,JULI,2010,,,,,,,,
18,JULI,2010,,,,,,,,
19,JULI,2010,,,,,,,,
20,JULI,2010,"40,20",,,,,,,
21,JULI,2010,,,,,,,,
22,JULI,2010,,,,,,,,
23,JULI,2010,"8,00",,,,,,,
24,JULI,2010,"4,00",,,,,,,
25,JULI,2010,"7,00",,,,,,,
26,JULI,2010,"15,20",,,,,,,
27,JULI,2010,"35,00",,,,,,,
28,JULI,2010,,,,,,,,
29,JULI,2010,"22,00",,,,,,,
30,JULI,2010,,,,,,,,
31,JULI,2010,"15,20",,,,,,,
1,AGS,2010,"1,20",,,,,,,
2,AGS,2010,,,,,,,,
3,AGS,2010,"2,50",,,,,,,
4,AGS,2010,"15,20",,,,,,,
5,AGS,2010,,,,,,,,
6,AGS,2010,,,,,,,,
7,AGS,2010,,,,,,,,
8,AGS,2010,,,,,,,,
9,AGS,2010,"8,00",,,,,,,
10,AGS,2010,,,,,,,,
11,AGS,2010,"14,50",,,,,,,
12,AGS,2010,,,,,,,,
13,AGS,2010,,,,,,,,
14,AGS,2010,,,,,,,,
15,AGS,2010,,,,,,,,
16,AGS,2010,,,,,,,,
17,AGS,2010,"20,50",,,,,,,
18,AGS,2010,"13,00",,,,,,,
19,AGS,2010,,,,,,,,
20,AGS,2010,,,,,,,,
21,AGS,2010,,,,,,,,
22,AGS,2010,"2,80",,,,,,,
23,AGS,2010,,,,,,,,
24,AGS,2010,,,,,,,,
25,AGS,2010,"15,20",,,,,,,
26,AGS,2010,,,,,,,,
27,AGS,2010,,,,,,,,
28,AGS,2010,,,,,,,,
29,AGS,2010,"4,00",,,,,,,
30,AGS,2010,"2,50",,,,,,,
31,AGS,2010,"5,00",,,,,,,
1,SEP,2010,,,,,,,,
2,SEP,2010,,,,,,,,
3,SEP,2010,"1,50",,,,,,,
4,SEP,2010,"7,00",,,,,,,
5,SEP,2010,"5,00",,,,,,,
6,SEP,2010,,,,,,,,
7,SEP,2010,"4,00",,,,,,,
8,SEP,2010,,,,,,,,
9,SEP,2010,,,,,,,,
10,SEP,2010,"14,20",,,,,,,
11,SEP,2010,"21,00",,,,,,,
12,SEP,2010,,,,,,,,
13,SEP,2010,"16,00",,,,,,,
14,SEP,2010,,,,,,,,
15,SEP,2010,"15,20",,,,,,,
16,SEP,2010,,,,,,,,
17,SEP,2010,,,,,,,,
18,SEP,2010,,,,,,,,
19,SEP,2010,,,,,,,,
20,SEP,2010,"15,20",,,,,,,
21,SEP,2010,,,,,,,,
22,SEP,2010,"4,00",,,,,,,
23,SEP,2010,"33,00",,,,,,,
24,SEP,2010,"2,50",,,,,,,
25,SEP,2010,,,,,,,,
26,SEP,2010,,,,,,,,
27,SEP,2010,,,,,,,,
28,SEP,2010,,,,,,,,
29,SEP,2010,"4,00",,,,,,,
30,SEP,2010,,,,,,,,
31,SEP,2010,,,,,,,,
1,OKT,2010,,,,,,,,
2,OKT,2010,"1,50",,,,,,,
3,OKT,2010,,,,,,,,
4,OKT,2010,"13,00",,,,,,,
5,OKT,2010,,,,,,,,
6,OKT,2010,,,,,,,,
7,OKT,2010,"2,40",,,,,,,
8,OKT,2010,"45,20",,,,,,,
9,OKT,2010,"6,00",,,,,,,
10,OKT,2010,,,,,,,,
11,OKT,2010,,,,,,,,
12,OKT,2010,"2,40",,,,,,,
13,OKT,2010,,,,,,,,
14,OKT,2010,"17,00",,,,,,,
15,OKT,2010,"6,00",,,,,,,
16,OKT,2010,"15,20",,,,,,,
17,OKT,2010,,,,,,,,
18,OKT,2010,"13,00",,,,,,,
19,OKT,2010,,,,,,,,
20,OKT,2010,"14,00",,,,,,,
21,OKT,2010,"15,20",,,,,,,
22,OKT,2010,,,,,,,,
23,OKT,2010,,,,,,,,
24,OKT,2010,,,,,,,,
25,OKT,2010,"23,00",,,,,,,
26,OKT,2010,"5,00",,,,,,,
27,OKT,2010,"21,40",,,,,,,
28,OKT,2010,2..5,,,,,,,
29,OKT,2010,"3,00",,,,,,,
30,OKT,2010,"9,00",,,,,,,
31,OKT,2010,"1,50",,,,,,,
1,NOV,2010,,,,,,,,
2,NOV,2010,"1,50",,,,,,,
3,NOV,2010,"1,20",,,,,,,
4,NOV,2010,,,,,,,,
5,NOV,2010,"22,00",,,,,,,
6,NOV,2010,"22,50",,,,,,,
7,NOV,2010,"20,10",,,,,,,
8,NOV,2010,,,,,,,,
9,NOV,2010,"17,00",,,,,,,
10,NOV,2010,,,,,,,,
11,NOV,2010,,,,,,,,
12,NOV,2010,,,,,,,,
13,NOV,2010,"50,10",,,,,,,
14,NOV,2010,,,,,,,,
15,NOV,2010,,,,,,,,
16,NOV,2010,,,,,,,,
17,NOV,2010,,,,,,,,
18,NOV,2010,"7,00",,,,,,,
19,NOV,2010,"15,20",,,,,,,
20,NOV,2010,,,,,,,,
21,NOV,2010,"5,00",,,,,,,
22,NOV,2010,,,,,,,,
23,NOV,2010,"2,00",,,,,,,
24,NOV,2010,,,,,,,,
25,NOV,2010,,,,,,,,
26,NOV,2010,"3,00",,,,,,,
27,NOV,2010,,,,,,,,
28,NOV,2010,"1,20",,,,,,,
29,NOV,2010,"4,00",,,,,,,
30,NOV,2010,,,,,,,,
31,NOV,2010,,,,,,,,
1,DES,2010,"13,00",,,,,,,
2,DES,2010,,,,,,,,
3,DES,2010,,,,,,,,
4,DES,2010,"10,40",,,,,,,
5,DES,2010,,,,,,,,
6,DES,2010,,,,,,,,
7,DES,2010,"15,20",,,,,,,
8,DES,2010,,,,,,,,
9,DES,2010,,,,,,,,
10,DES,2010,,,,,,,,
11,DES,2010,,,,,,,,
12,DES,2010,"1,50",,,,,,,
13,DES,2010,,,,,,,,
14,DES,2010,,,,,,,,
15,DES,2010,"1,20",,,,,,,
16,DES,2010,,,,,,,,
17,DES,2010,"15,20",,,,,,,
18,DES,2010,,,,,,,,
19,DES,2010,,,,,,,,
20,DES,2010,"14,20",,,,,,,
21,DES,2010,"22,40",,,,,,,
22,DES,2010,,,,,,,,
23,DES,2010,,,,,,,,
24,DES,2010,"15,20",,,,,,,
25,DES,2010,,,,,,,,
26,DES,2010,,,,,,,,
27,DES,2010,,,,,,,,
28,DES,2010,"9,00",,,,,,,
29,DES,2010,,,,,,,,
30,DES,2010,"20,50",,,,,,,
31,DES,2010,,,,,,,,
